date,trajectoire_pcaet,trajectoire_BVA
2026-01-01,446.2719153,1099.159001
2026-01-02,945.0088308,1020.899946
2026-01-03,1456.719021,988.4940993
2026-01-04,1970.55965,1070.096069
2026-01-05,2482.174523,981.4810466
2026-01-06,2996.015153,684.398816
2026-01-07,3509.855783,544.404789
2026-01-08,4008.783332,783.4235539
2026-01-09,4486.215848,828.3995582
2026-01-10,4948.163381,774.3504418
2026-01-11,5392.686124,898.2424422
2026-01-12,5811.071686,833.2440983
2026-01-13,6205.450504,448.0166483
2026-01-14,6582.404533,445.8098402
2026-01-15,6933.126063,744.3577274
2026-01-16,7268.267292,831.6714495
2026-01-17,7601.373398,760.2083532
2026-01-18,7934.479505,884.2166025
2026-01-19,8267.585611,831.1409827
2026-01-20,8598.465961,379.4111312
2026-01-21,8931.47675,445.5858722
2026-01-22,9247.444019,740.4455215
2026-01-23,9565.637046,787.0827098
2026-01-24,9890.126075,766.4472503
2026-01-25,10225.2673,906.2434469
2026-01-26,10556.14765,847.3155321
2026-01-27,10889.25376,373.3904921
2026-01-28,11222.35987,445.8098402
2026-01-29,11557.88236,740.4455215
2026-01-30,11895.24935,787.0827098
2026-01-31,12232.61634,780.9913548
2026-02-01,12572.20908,1056.416827
2026-02-02,12915.96739,961.4598678
2026-02-03,13261.85613,556.4389221
2026-02-04,13605.51912,630.2259137
2026-02-05,13957.70387,987.7607187
2026-02-06,14314.1495,970.4811771
2026-02-07,14672.63025,994.4246967
2026-02-08,15033.24145,1048.176937
2026-02-09,15387.366,951.08046
2026-02-10,15739.36012,549.7156374
2026-02-11,16091.35423,634.0201969
2026-02-12,16441.21791,985.8429034
2026-02-13,16793.21202,939.851772
2026-02-14,17149.46702,996.5026502
2026-02-15,17512.20865,1050.556608
2026-02-16,17890.05399,972.7321737
2026-02-17,18289.77564,548.7394944
2026-02-18,18708.9572,622.1045277
2026-02-19,19141.39799,1004.074566
2026-02-20,19589.22844,949.4526829
2026-02-21,20037.0589,995.9713897
2026-02-22,20491.37599,1048.874615
2026-02-23,20937.076,968.4508028
2026-02-24,21389.16733,546.6310611
2026-02-25,21834.86734,630.2259137
2026-02-26,22278.43692,992.948222
2026-02-27,22713.48473,946.698557
2026-02-28,23148.53254,990.8963464
2026-03-01,23579.31947,1052.728835
2026-03-02,24016.68836,957.9893533
2026-03-03,24451.92681,553.1166252
2026-03-04,24889.39101,670.2687276
2026-03-05,25331.11609,929.1343057
2026-03-06,25777.00674,949.7665907
2026-03-07,26227.3489,995.9713897
2026-03-08,26679.8215,1069.73778
2026-03-09,27136.55498,960.0748981
2026-03-10,27593.28846,588.851426
2026-03-11,28047.8915,670.2687276
2026-03-12,28500.36411,933.5581898
2026-03-13,28952.83671,950.2014857
2026-03-14,29403.17887,986.9841405
2026-03-15,29853.52103,1056.550209
2026-03-16,30301.73275,970.0746476
2026-03-17,30756.52643,580.5484861
2026-03-18,31213.54586,756.6632889
2026-03-19,31670.56529,946.272577
2026-03-20,32132.03624,951.6006266
2026-03-21,32599.99382,985.5333102
2026-03-22,33072.40292,1047.157887
2026-03-23,33540.45582,986.1192044
2026-03-24,34008.60404,586.6373179
2026-03-25,34476.75226,774.4042917
2026-03-26,34944.90047,974.3806941
2026-03-27,35415.27445,972.0822279
2026-03-28,35885.64843,999.067464
2026-03-29,36356.11772,1038.67585
2026-03-30,36830.84789,1243.709784
2026-03-31,37307.61319,1196.685588
2026-04-01,37788.54404,1079.577742
2026-04-02,38290.96994,1256.245904
2026-04-03,38812.95106,1334.259421
2026-04-04,39352.45228,1102.455879
2026-04-05,39896.40503,1102.050094
2026-04-06,40444.42801,1255.116738
2026-04-07,40996.8072,1203.741033
2026-04-08,41553.6379,1086.994182
2026-04-09,42112.59903,1256.877259
2026-04-10,42673.69061,1263.440601
2026-04-11,43236.81731,1089.827547
2026-04-12,43797.71826,1100.364447
2026-04-13,44358.80984,1271.570505
2026-04-14,44913.41478,1198.128229
2026-04-15,45461.6284,1089.490966
2026-04-16,46009.84202,1259.110217
2026-04-17,46555.9252,1297.29811
2026-04-18,47102.1037,1134.223516
2026-04-19,47652.63839,1100.364447
2026-04-20,48200.94733,1281.928779
2026-04-21,48751.48203,1209.604386
2026-04-22,49304.14716,1121.18027
2026-04-23,49856.8123,1264.974317
2026-04-24,50413.92895,1303.840798
2026-04-25,50966.59408,1118.011882
2026-04-26,51483.83774,1080.565369
2026-04-27,51998.95095,1253.87989
2026-04-28,52518.32505,1177.433108
2026-04-29,53033.43827,1113.448827
2026-04-30,53552.81236,1247.910808
2026-05-01,54067.83026,1243.822582
2026-05-02,54585.07391,1119.372503
2026-05-03,55135.60861,1128.890289
2026-05-04,55684.10818,1244.917172
2026-05-05,56228.34688,1191.538034
2026-05-06,56772.58557,1127.322157
2026-05-07,57314.69382,1166.644634
2026-05-08,57856.80207,1244.326957
2026-05-09,58394.55413,1118.753154
2026-05-10,58936.56706,1115.606275
2026-05-11,59476.35424,1279.827275
2026-05-12,60020.49762,1187.625828
2026-05-13,60560.18948,1122.571814
2026-05-14,61102.1071,1173.059123
2026-05-15,61641.79896,1259.642171
2026-05-16,62183.71658,1103.736549
2026-05-17,62730.08571,1114.783869
2026-05-18,63276.45484,1250.038269
2026-05-19,63825.04973,1180.209015
2026-05-20,64373.54931,1122.914848
2026-05-21,64926.30976,1137.266778
2026-05-22,65479.16553,1240.581785
2026-05-23,66036.37749,1114.377543
2026-05-24,66591.3637,1108.75267
2026-05-25,67146.34991,1253.009793
2026-05-26,67696.97993,1187.625828
2026-05-27,68243.34906,1126.407865
2026-05-28,68787.58775,1139.493336
2026-05-29,69329.60069,1250.19302
2026-05-30,69867.25743,1111.433712
2026-05-31,70402.68841,1084.586205
2026-06-01,70940.34515,1212.220506
2026-06-02,71478.00188,1186.198844
2026-06-03,72017.88438,1123.64998
2026-06-04,72559.99263,1111.290884
2026-06-05,73110.81328,1190.721034
2026-06-06,73661.63393,1125.601681
2026-06-07,74174.71202,1108.868567
2026-06-08,74683.52923,1219.44512
2026-06-09,75194.5722,1153.18104
2026-06-10,75712.10181,1107.774448
2026-06-11,76229.63141,1126.974116
2026-06-12,76747.16102,1203.24745
2026-06-13,77264.69063,1113.713484
2026-06-14,77820.15342,1110.271164
2026-06-15,78375.42559,1215.725287
2026-06-16,78928.47199,1162.125722
2026-06-17,79474.93644,1153.395616
2026-06-18,80023.53133,1167.281574
2026-06-19,80565.54426,1234.271437
2026-06-20,81109.68764,1130.320498
2026-06-21,81655.96146,1173.859117
2026-06-22,82202.23527,1198.356275
2026-06-23,82754.99572,1194.647474
2026-06-24,83312.11237,1146.596639
2026-06-25,83871.45478,1186.370428
2026-06-26,84435.15338,1196.108142
2026-06-27,84996.62623,993.234995
2026-06-28,85558.09908,1224.210195
2026-06-29,86119.57193,1197.627294
2026-06-30,86676.78389,1183.559406
2026-07-01,87233.99586,1122.965802
2026-07-02,87786.75631,1231.700411
2026-07-03,88341.64721,1168.551886
2026-07-04,88888.20697,1106.014777
2026-07-05,89417.72322,1188.022417
2026-07-06,89947.33478,1168.313026
2026-07-07,90479.1721,1165.467015
2026-07-08,91008.87899,1120.191369
2026-07-09,91540.81162,1255.193144
2026-07-10,92072.74426,1174.572525
2026-07-11,92617.45954,1102.75425
2026-07-12,93179.12302,1172.0876
2026-07-13,93738.65606,1176.813367
2026-07-14,94300.31955,1176.948456
2026-07-15,94864.11347,1117.037908
2026-07-16,95427.90739,1230.936024
2026-07-17,95989.57087,1166.258362
2026-07-18,96551.23435,1117.654807
2026-07-19,97115.12359,1180.491845
2026-07-20,97670.20512,1174.161073
2026-07-21,98225.28664,1163.473954
2026-07-22,98776.10729,1126.073338
2026-07-23,99324.7975,1224.711606
2026-07-24,99875.61814,1172.0224
2026-07-25,100424.4037,1108.763555
2026-07-26,100973.1892,1181.551123
2026-07-27,101513.0717,1179.699345
2026-07-28,102059.4408,1161.023258
2026-07-29,102612.2966,1130.646958
2026-07-30,103165.1524,1228.013623
2026-07-31,103718.0081,1194.773076
2026-08-01,104268.5428,1102.358048
2026-08-02,104819.0775,1167.539613
2026-08-03,105389.5487,1179.329568
2026-08-04,105960.0199,1183.233428
2026-08-05,106523.9091,1129.02755
2026-08-06,107087.7984,1232.709319
2026-08-07,107651.6876,1178.601498
2026-08-08,108215.5769,1093.290479
2026-08-09,108779.4661,1181.808224
2026-08-10,109341.2249,1192.469777
2026-08-11,109898.5322,1189.472037
2026-08-12,110460.291,1162.019132
2026-08-13,111024.1802,1218.997932
2026-08-14,111592.3303,1208.605582
2026-08-15,112156.1243,1131.950726
2026-08-16,112724.1791,1202.697006
2026-08-17,113290.1034,1200.147912
2026-08-18,113860.384,1188.465364
2026-08-19,114428.3435,1158.620228
2026-08-20,114994.2678,1199.627933
2026-08-21,115560.1922,1244.958453
2026-08-22,116128.3423,1122.695745
2026-08-23,116692.1362,1198.319875
2026-08-24,117258.0606,1202.374471
2026-08-25,117821.8545,1188.465364
2026-08-26,118385.7437,1170.268781
2026-08-27,118951.7634,1194.073952
2026-08-28,119519.9135,1180.337639
2026-08-29,120083.7075,1141.360656
2026-08-30,120647.5014,1200.546434
2026-08-31,121209.1649,1207.615494
2026-09-01,121773.0541,1098.553148
2026-09-02,122326.0052,1040.913332
2026-09-03,122870.3392,1059.431682
2026-09-04,123408.2819,1146.681213
2026-09-05,123941.8684,1035.995507
2026-09-06,124471.0987,1128.427185
2026-09-07,125004.4945,1118.684688
2026-09-08,125537.8904,1070.861339
2026-09-09,126073.512,1037.345036
2026-09-10,126606.9079,957.4185862
2026-09-11,127144.5646,1144.282489
2026-09-12,127682.2213,998.2281464
2026-09-13,128219.9734,1105.51093
2026-09-14,128753.4646,1075.642948
2026-09-15,129280.5644,1111.816198
2026-09-16,129812.1158,1042.027383
2026-09-17,130343.6672,991.823933
2026-09-18,130877.4443,1139.983891
2026-09-19,131409.091,1053.050461
2026-09-20,131942.8681,1072.623356
2026-09-21,132483.2272,1096.018316
2026-09-22,133025.7167,1076.745748
2026-09-23,133563.7547,947.5779484
2026-09-24,134099.567,985.0833814
2026-09-25,134637.5097,1129.532738
2026-09-26,135173.1313,1051.758143
2026-09-27,135706.6225,982.9587654
2026-09-28,136237.8879,1083.316641
2026-09-29,136771.2837,1045.406211
2026-09-30,137304.6796,997.5156733
2026-10-01,137840.3012,991.6853044
2026-10-02,138375.9228,1181.10031
2026-10-03,138903.0227,1033.627829
2026-10-04,139430.1225,966.8354137
2026-10-05,139955.1873,1222.028571
2026-10-06,140480.252,1073.290398
2026-10-07,141009.5776,941.7089925
2026-10-08,141536.7728,927.3321839
