date,cumul_vol,cumul_acces_ind,cumul_acces_coll,cumul_employes,cumul_scope_1_2,cumul_total,cumul_mvts
2026-10-08,295794.1435,31543.36706,4469.478132,3387.39726,416.9072095,335611.2932,29501
2026-10-07,294866.8113,31442.8385,4455.233928,3375.342466,415.579688,334555.8059,29407
2026-10-06,293925.1023,31338.11716,4440.395634,3363.287671,414.1944388,333481.0972,29311
2026-10-05,292851.8119,31221.74675,4423.906748,3351.232877,412.6581148,332261.3564,29203
2026-10-04,291629.7833,31097.10009,4406.245174,3339.178082,411.0106703,330883.3174,29087
2026-10-03,290662.9479,30994.79494,4391.749236,3327.123288,409.6585115,329786.2739,28992
2026-10-02,289629.3201,30880.80244,4375.597285,3315.068493,408.149498,328608.9378,28886
2026-10-01,288448.2198,30758.63757,4358.287362,3303.013699,406.5366613,327274.6951,28773
2026-09-30,287456.5345,30651.53284,4343.111359,3290.958904,405.119911,326147.2575,28672
2026-09-29,286459.0188,30544.98023,4328.013587,3278.90411,403.712192,325014.6289,28574
2026-09-28,285413.6126,30432.07557,4312.015773,3266.849315,402.2216745,323826.7749,28469
2026-09-27,284330.296,30317.07724,4295.721301,3254.794521,400.7005953,322598.5896,28362
2026-09-26,283347.3372,30213.89198,4281.10066,3242.739726,399.3350703,321484.4046,28265
2026-09-25,282295.5791,30097.78396,4264.648952,3230.684932,397.8004803,320286.4974,28157
2026-09-24,281166.0463,29977.2481,4247.569849,3218.630137,396.2073678,319005.7018,28045
2026-09-23,280180.9629,29869.41633,4232.290829,3206.575342,394.7827423,317884.0282,27945
2026-09-22,279233.385,29767.25877,4217.815805,3194.520548,393.4325343,316806.4126,27851
2026-09-21,278156.6392,29651.35847,4201.393531,3182.465753,391.9024238,315583.7594,27743
2026-09-20,277060.6209,29535.15206,4184.927881,3170.410959,390.3659553,314341.4778,27635
2026-09-19,275987.9976,29423.1111,4169.052448,3158.356164,388.8839633,313127.4012,27531
2026-09-18,274934.9471,29309.11861,4152.900497,3146.30137,387.37849,311930.6461,27425
2026-09-17,273794.9632,29188.83967,4135.857798,3134.246575,385.7864613,310639.6937,27313
2026-09-16,272803.1393,29079.89274,4120.420767,3122.191781,384.3476748,309509.9922,27211
2026-09-15,271761.1119,28967.48553,4104.493439,3110.136986,382.862576,308326.0904,27108
2026-09-14,270649.2957,28848.07575,4087.573895,3098.082192,381.2842748,307064.3118,26997
2026-09-13,269573.6528,28734.07233,4071.420394,3086.027397,379.7775733,305844.9505,26891
2026-09-12,268468.1418,28619.79012,4055.227391,3073.972603,378.2665368,304595.3985,26784
2026-09-11,267469.9137,28510.66279,4039.7648,3061.917808,376.824788,303459.0839,26682
2026-09-10,266325.6312,28390.24719,4022.702737,3049.863014,375.233265,302163.6774,26570
2026-09-09,265368.2126,28286.09983,4007.945772,3037.808219,373.855602,301073.922,26472
2026-09-08,264330.8676,28175.41456,3992.262431,3025.753425,372.392684,299896.6907,26370
2026-09-07,263260.0062,28064.25917,3976.512477,3013.69863,370.9247085,298685.4012,26266
2026-09-06,262141.3215,27948.32608,3960.085555,3001.643836,369.3930085,297420.77,26158
2026-09-05,261012.8944,27830.8897,3943.445629,2989.589041,367.8391278,296144.6579,26050
2026-09-04,259976.8988,27717.48759,3927.37733,2977.534247,366.3403015,294965.6383,25944
2026-09-03,258830.2176,27597.03919,3910.31062,2965.479452,364.749501,293667.7964,25832
2026-09-02,257770.786,27482.84444,3894.130009,2953.424658,363.2396205,292464.4247,25726
2026-09-01,256729.8726,27371.66719,3878.376957,2941.369863,361.770778,291283.0574,25624
2026-08-31,255631.3195,27254.26908,3861.742453,2929.315068,360.217981,290036.8641,25514
2026-08-30,254423.704,27123.29224,3843.183935,2917.260274,358.487449,288665.9279,25392
2026-08-29,253223.1575,26995.9834,3825.145149,2905.205479,356.8048188,287306.2964,25274
2026-08-28,252081.7969,26869.50001,3807.223322,2893.150685,355.132448,286006.8034,25156
2026-08-27,250901.4593,26744.64016,3789.53154,2881.09589,353.483992,284670.2108,25040
2026-08-26,249707.3853,26616.09043,3771.316928,2869.041096,351.783227,283315.617,24920
2026-08-25,248537.1165,26488.09282,3753.180547,2856.986301,350.0932273,281985.4694,24802
2026-08-24,247348.6512,26360.43413,3735.092189,2844.931507,348.404817,280637.5138,24682
2026-08-23,246146.2767,26229.41903,3716.52825,2832.876712,346.6732013,279271.7739,24560
2026-08-22,244947.9568,26102.14846,3698.494886,2820.821918,344.9899208,277914.412,24442
2026-08-21,243825.2611,25979.08161,3681.05716,2808.767123,343.36379,276637.5307,24327
2026-08-20,242580.3026,25848.1977,3662.51181,2796.712329,341.6352088,275229.3597,24205
2026-08-19,241380.6747,25718.49455,3644.133766,2784.657534,339.920355,273867.8809,24084
2026-08-18,240222.0544,25592.69446,3626.308759,2772.60274,338.2576658,272551.9181,23968
2026-08-17,239033.5891,25464.99204,3608.214204,2760.547945,336.5692555,271203.9125,23848
2026-08-16,237833.4412,25333.884,3589.637097,2748.493151,334.8369895,269840.2924,23726
2026-08-15,236630.7442,25206.62437,3571.605282,2736.438356,333.1550095,268478.5672,23608
2026-08-14,235498.7934,25082.51342,3554.019615,2724.383562,331.5152235,267191.2253,23492
2026-08-13,234290.1879,24955.75124,3536.058286,2712.328767,329.8415523,265824.1677,23374
2026-08-12,233071.1899,24823.03606,3517.253457,2700.273973,328.0845768,264439.838,23250
2026-08-11,231909.1708,24697.15397,3499.416832,2688.219178,326.4225378,263120.3833,23134
2026-08-10,230719.6988,24569.58275,3481.340867,2676.164384,324.7347055,261771.5215,23014
2026-08-09,229527.229,24440.91276,3463.109215,2664.109589,323.034085,260418.3946,22894
2026-08-08,228345.4208,24317.20087,3445.580091,2652.054795,321.3989953,259081.6555,22777
2026-08-07,227252.1303,24196.6486,3428.498664,2640,319.806822,257837.0844,22664
2026-08-06,226073.5288,24072.47206,3410.903702,2627.945205,318.166169,256503.0159,22548
2026-08-05,224840.8195,23939.80061,3392.10507,2615.890411,316.4109275,255105.0265,22424
2026-08-04,223711.7919,23816.47137,3374.630166,2603.835616,314.7814733,253821.5105,22310
2026-08-03,222528.5585,23688.14578,3356.447311,2591.780822,313.0842485,252478.0166,22189
2026-08-02,221349.2289,23558.47542,3338.073914,2579.726027,311.3721403,251136.8764,22068
2026-08-01,220181.6893,23435.98802,3320.718292,2567.671233,309.7520785,249815.8189,21953
2026-07-31,219079.3313,23314.44086,3303.495895,2555.616438,308.1455275,248561.03,21839
2026-07-30,217884.5582,23187.8372,3285.557027,2543.561644,306.4734458,247207.9875,21721
2026-07-29,216656.5446,23055.08922,3266.747552,2531.506849,304.7177708,245814.6059,21597
2026-07-28,215525.8976,22931.72172,3249.267225,2519.452055,303.0878108,244529.4264,21483
2026-07-27,214364.8743,22806.53934,3231.529744,2507.39726,301.4332858,243211.774,21365
2026-07-26,213185.175,22678.09895,3213.330623,2495.342466,299.7351218,241871.6822,21245
2026-07-25,212003.6239,22552.23326,3195.496322,2483.287671,298.0721435,240532.7133,21128
2026-07-24,210894.8603,22430.86103,3178.298711,2471.232877,296.4685548,239271.7215,21014
2026-07-23,209722.8379,22306.59702,3160.691356,2459.178082,294.8261678,237944.1305,20898
2026-07-22,208498.1263,22173.71238,3141.862516,2447.123288,293.0692645,236553.8938,20774
2026-07-21,207372.053,22050.4542,3124.397681,2435.068493,291.438871,235273.4122,20660
2026-07-20,206208.579,21925.22263,3106.653229,2423.013699,289.7849963,233953.2536,20542
2026-07-19,205034.4179,21796.50345,3088.414605,2410.958904,288.0830753,232618.378,20422
2026-07-18,203853.9261,21672.14105,3070.793309,2398.90411,286.440038,231282.2046,20305
2026-07-17,202736.2713,21549.82311,3053.461698,2386.849315,284.8227218,230011.2281,20190
2026-07-16,201570.0129,21426.63053,3036.006158,2374.794521,283.19399,228690.6381,20075
2026-07-15,200339.0769,21293.77322,3017.181191,2362.739726,281.439182,227294.2102,19951
2026-07-14,199222.039,21170.36199,2999.694668,2350.684932,279.8067655,226022.5873,19837
2026-07-13,198045.0905,21041.93799,2981.497871,2338.630137,278.1106968,224685.2672,19717
2026-07-12,196868.2772,20912.85802,2963.208126,2326.575342,276.4046575,223347.3233,19597
2026-07-11,195696.1896,20788.0911,2945.529512,2314.520548,274.7556235,222019.0864,19481
2026-07-10,194593.4353,20666.5986,2928.31486,2302.465753,273.1504453,220763.965,19367
2026-07-09,193418.8628,20542.40019,2910.7168,2290.410959,271.5083473,219433.8991,19251
2026-07-08,192198.6351,20409.49915,2891.885637,2278.356164,269.7523833,218048.1284,19127
2026-07-07,191078.4437,20285.97312,2874.382848,2266.30137,268.120328,216773.2214,19013
2026-07-06,189912.9767,20158.68068,2856.346386,2254.246575,266.4367585,215448.6871,18893
2026-07-05,188744.6637,20029.72097,2838.073682,2242.191781,264.7317308,214119.3818,18773
2026-07-04,187591.6066,19905.07431,2820.412108,2230.136986,263.0842863,212810.3143,18658
2026-07-03,186485.5919,19784.81177,2803.371733,2218.082192,261.494714,211553.3523,18545
2026-07-02,185317.04,19660.52043,2785.760505,2206.027397,259.85146,210229.1998,18429
2026-07-01,184085.3396,19527.59206,2766.925469,2193.972603,258.096074,208831.9258,18304
2026-06-30,182962.3738,19404.14256,2749.433524,2181.917808,256.464669,207554.3323,18190
2026-06-29,181778.8144,19276.06295,2731.285524,2169.863014,254.7712735,206210.7971,18070
2026-06-28,180581.1871,19146.03181,2712.861006,2157.808219,253.0520848,204850.9402,17949
2026-06-27,179356.9769,19015.95147,2694.429517,2145.753425,251.3334018,203464.4447,17827
2026-06-26,178363.7419,18908.57889,2679.21556,2133.69863,249.9154233,202335.1504,17727
2026-06-25,177167.6337,18782.23215,2661.313097,2121.643836,248.244931,200981.0677,17609
2026-06-24,175981.2633,18653.02098,2643.004763,2109.589041,246.5365798,199633.4147,17488
2026-06-23,174834.6667,18528.84444,2625.409802,2097.534247,244.8959268,198331.3511,17373
2026-06-22,173640.0192,18400.21272,2607.183572,2085.479452,243.195234,196976.0902,17252
2026-06-21,172441.6629,18270.21438,2588.763701,2073.424658,241.4770568,195615.5427,17131
2026-06-20,171267.8038,18146.58995,2571.24697,2061.369863,239.842545,194286.8531,17015
2026-06-19,170137.4833,18022.7414,2553.698482,2049.315068,238.2031925,193001.4414,16899
2026-06-18,168903.2119,17892.15268,2535.194958,2037.260274,236.4808248,191604.3006,16777
2026-06-17,167735.9303,17766.53298,2517.395512,2025.205479,234.8199418,190279.8842,16659
2026-06-16,166582.5347,17641.07729,2499.619303,2013.150685,233.1623823,188969.5443,16543
2026-06-15,165420.4089,17515.20614,2481.784226,2001.09589,231.4981758,187649.9934,16425
2026-06-14,164204.6837,17382.86267,2463.032068,1989.041096,229.7484253,186269.3679,16302
2026-06-13,163094.4125,17265.15844,2446.354189,1976.986301,228.1927383,185011.1042,16190
2026-06-12,161980.699,17143.19036,2429.07215,1964.931507,226.5806963,183744.4737,16076
2026-06-11,160777.4516,17015.40048,2410.965203,1952.876712,224.893442,182381.5874,15957
2026-06-10,159650.4774,16893.33946,2393.669996,1940.821918,223.2790158,181101.5878,15842
2026-06-09,158542.703,16771.56817,2376.415842,1928.767123,221.6695748,179841.1237,15729
2026-06-08,157389.522,16647.61576,2358.852638,1916.712329,220.031306,178532.734,15612
2026-06-07,156170.0768,16515.54015,2340.138433,1904.657534,218.2850958,177148.6981,15489
2026-06-06,155061.2083,16399.10961,2323.641026,1892.60274,216.746243,175893.3079,15379
2026-06-05,153935.6066,16276.15209,2306.218792,1880.547945,215.1217018,174613.6471,15264
2026-06-04,152744.8856,16150.80026,2288.457299,1868.493151,213.465515,173266.1018,15147
2026-06-03,151633.5947,16029.82161,2271.315457,1856.438356,211.8653943,172003.0355,15033
2026-06-02,150509.9447,15906.88049,2253.895546,1844.383562,210.2416478,170725.3459,14919
2026-06-01,149323.7459,15779.2874,2235.816483,1832.328767,208.5552605,169379.7338,14799
2026-05-31,148111.5253,15647.99897,2217.213815,1820.273973,206.8194543,168003.8316,14676
2026-05-30,147026.9391,15533.4817,2200.987505,1808.219178,205.305311,166774.9328,14567
2026-05-29,145915.5054,15409.44728,2183.412682,1796.164384,203.664658,165508.1944,14451
2026-05-28,144665.3124,15278.8203,2164.903737,1784.109589,201.9412065,164095.0872,14329
2026-05-27,143525.8191,15153.24434,2147.110487,1772.054795,200.2803235,162798.509,14211
2026-05-26,142399.4112,15028.21502,2129.394693,1760,198.6289053,161515.6498,14095
2026-05-25,141211.7854,14899.96596,2111.222683,1747.945205,196.9339203,160167.8531,13975
2026-05-24,139958.7756,14765.51243,2092.171543,1735.890411,195.1557033,158747.5057,13849
2026-05-23,138850.0229,14647.20689,2075.408462,1723.835616,193.5914908,157490.0654,13737
2026-05-22,137735.6454,14523.11781,2057.825893,1711.780822,191.9514158,156220.3213,13621
2026-05-21,136495.0636,14392.39243,2039.303005,1699.726027,190.224713,154816.7098,13499
2026-05-20,135357.7968,14266.71807,2021.495813,1687.671233,188.5631798,153522.2451,13381
2026-05-19,134234.882,14141.55756,2003.76143,1675.616438,186.9106778,152242.7281,13265
2026-05-18,133054.6729,14013.75128,1985.652159,1663.561644,185.2208948,150902.8589,13145
2026-05-17,131804.6347,13879.25403,1966.594823,1651.506849,183.4420998,149485.4325,13019
2026-05-16,130689.8508,13761.00862,1949.840262,1639.452055,181.878682,148222.0304,12907
2026-05-15,129586.1143,13636.9742,1932.265439,1627.39726,180.2386793,146962.9898,12791
2026-05-14,128326.4721,13505.12272,1913.582991,1615.342466,178.4971653,145539.0174,12668
2026-05-13,127153.413,13375.62183,1895.233606,1603.287671,176.786213,144204.3423,12547
2026-05-12,126030.8412,13249.31883,1877.337339,1591.232877,175.1174548,142923.8477,12430
2026-05-11,124843.2153,13121.0315,1859.159906,1579.178082,173.4224698,141576.0073,12310
2026-05-10,123563.3881,12984.69204,1839.841543,1567.123288,171.6187485,140126.6637,12182
2026-05-09,122447.7818,12866.49582,1823.093953,1555.068493,170.055981,138862.496,12070
2026-05-08,121329.0286,12742.51608,1805.526875,1543.013699,168.4172788,137588.5026,11954
2026-05-07,120084.7017,12611.94922,1787.02645,1530.958904,166.6920933,136181.3283,11832
2026-05-06,118918.057,12483.76028,1768.862959,1518.90411,164.9979753,134854.5824,11712
2026-05-05,117790.7349,12356.60998,1750.846636,1506.849315,163.3180183,133568.3588,11594
2026-05-04,116599.1968,12228.42104,1732.683145,1494.794521,161.6243338,132216.7199,11474
2026-05-03,115354.2797,12093.78712,1713.606445,1482.739726,159.8437325,130804.2567,11348
2026-05-02,114225.3894,11974.80374,1696.747318,1470.684932,158.270561,129525.8959,11236
2026-05-01,113106.0169,11850.73106,1679.167073,1458.630137,156.6318588,128251.177,11120
2026-04-30,111862.1943,11720.16967,1660.667422,1446.575342,154.9062398,126844.513,10998
2026-04-29,110614.2835,11585.38816,1641.569809,1434.520548,153.1242658,125428.8863,10872
2026-04-28,109500.8347,11460.08552,1623.815287,1422.465753,151.4693073,124158.6705,10756
2026-04-27,108323.4016,11331.74352,1605.630109,1410.410959,149.7730218,122820.9592,10636
2026-04-26,107069.5217,11197.33373,1586.585166,1398.356164,147.9953828,121399.7921,10510
2026-04-25,105988.9563,11083.81683,1570.500601,1386.30137,146.4944613,120176.0695,10402
2026-04-24,104870.9444,10959.82615,1552.931975,1374.246575,144.8562648,118902.8054,10286
2026-04-23,103567.1036,10823.15323,1533.566363,1362.191781,143.0504483,117429.0654,10158
2026-04-22,102302.1293,10686.58965,1514.216243,1350.136986,141.2449208,115994.3171,10030
2026-04-21,101180.949,10561.46741,1496.487282,1338.082192,139.5923465,114716.5783,9914
2026-04-20,99971.34464,10431.07001,1478.010868,1326.027397,137.868895,113344.3218,9792
2026-04-19,98689.41586,10297.14127,1459.034087,1313.972603,136.097036,111895.6609,9666
2026-04-18,97589.05141,10180.54127,1442.512668,1301.917808,134.5559435,110648.5791,9556
2026-04-17,96454.8279,10054.60452,1424.668298,1289.863014,132.891448,109356.8552,9438
2026-04-16,95157.52979,9920.276729,1405.634973,1277.808219,131.1141703,107892.3639,9312
2026-04-15,93898.41957,9785.538949,1386.543557,1265.753425,129.3358088,106465.5913,9186
2026-04-14,92808.9286,9662.346374,1369.088016,1253.69863,127.7087388,105221.7704,9072
2026-04-13,91610.80037,9534.141038,1350.922202,1241.643836,126.0142595,103863.5217,8952
2026-04-12,90339.22987,9400.108434,1331.930704,1229.589041,124.2410278,102425.0991,8826
2026-04-11,89238.86542,9283.595896,1315.421679,1217.534247,122.6999353,101178.1172,8716
2026-04-10,88149.03787,9161.584081,1298.133444,1205.479452,121.0890493,99935.3239,8602
2026-04-09,86885.59727,9032.023057,1279.775538,1193.424658,119.3760018,98510.19653,8480
2026-04-08,85628.72001,8897.411007,1260.701936,1181.369863,117.5974958,97085.80032,8354
2026-04-07,84541.72583,8774.262163,1243.252592,1169.315068,115.9698478,95844.5255,8240
2026-04-06,83337.9848,8646.024028,1225.082131,1157.260274,114.276669,94480.6279,8120
2026-04-05,82082.86806,8514.06322,1206.384192,1145.205479,112.53082,93061.05177,7996
2026-04-04,80980.81797,8397.512417,1189.869745,1133.150685,110.9903778,91812.34119,7886
2026-04-03,79878.36209,8274.740761,1172.473846,1121.09589,109.367137,90556.03972,7771
2026-04-02,78544.10267,8137.422803,1153.016836,1109.041096,107.5509888,89051.13439,7642
2026-04-01,77287.85676,8002.723289,1133.930841,1096.986301,105.7724828,87627.26968,7516
2026-03-31,76208.27902,7880.793471,1116.654225,1084.931507,104.1615245,86394.81975,7403
2026-03-30,75011.59343,7752.582667,1098.487636,1072.876712,102.466973,85038.00742,7283
2026-03-29,73767.88365,7620.556262,1079.780402,1060.821918,100.720835,83629.76306,7159
2026-03-28,72729.2078,7509.056485,1063.981651,1048.767123,99.24715175,82450.26021,7053
2026-03-27,71730.14033,7409.533765,1049.879966,1036.712329,97.93234625,81324.19874,6959
2026-03-26,70758.05811,7297.809863,1034.049458,1024.657534,96.45743475,80211.0324,6853
2026-03-25,69783.67741,7203.278038,1020.654948,1012.60274,95.2062815,79115.41942,6765
2026-03-24,69009.27312,7131.798356,1010.526769,1000.547945,94.2603845,78246.40658,6699
2026-03-23,68422.6358,7077.37409,1002.815225,988.4931507,93.5416415,77584.85991,6649
2026-03-22,67436.5166,6970.947206,987.7352676,976.4383562,92.13500625,76463.77243,6548
2026-03-21,66389.35871,6854.724392,971.2672943,964.3835616,90.600055,75270.33401,6440
2026-03-20,65403.8254,6754.534761,957.0711128,952.3287671,89.274701,74157.03474,6346
2026-03-19,64452.22477,6642.985786,941.2653904,940.2739726,87.8038355,73064.55376,6240
2026-03-18,63505.9522,6550.372696,928.1427525,928.2191781,86.576886,71999.26371,6154
2026-03-17,62749.28891,6481.281865,918.3530571,916.1643836,85.66617475,71150.75439,6090
2026-03-16,62168.74042,6427.032526,910.6662988,904.109589,84.94670925,70495.49554,6040
2026-03-15,61198.66577,6324.568839,896.1478993,892.0547945,83.59187725,69395.02919,5942
2026-03-14,60142.11557,6208.477221,879.6985155,880,82.058082,68192.34938,5834
2026-03-13,59155.13143,6108.801439,865.5751429,867.9452055,80.7406755,67078.19389,5740
2026-03-12,58204.92994,5996.164635,849.6152826,855.890411,79.25427625,65985.85454,5633
2026-03-11,57271.37175,5904.491779,836.6258694,843.8356164,78.04090975,64934.36592,5548
2026-03-10,56601.10302,5842.04272,827.7772674,831.7808219,77.21740425,64179.92124,5490
2026-03-09,56012.2516,5789.411459,820.3197797,819.7260274,76.51990275,63518.22876,5441
2026-03-08,55052.1767,5686.723647,805.7696231,807.6712329,75.1615305,62427.50273,5343
2026-03-07,53982.43892,5568.724227,789.049917,795.6164384,73.601942,61209.43144,5233
2026-03-06,52986.46753,5469.092177,774.9327409,783.5616438,72.2856915,60086.33978,5139
2026-03-05,52036.70094,5355.116086,758.7831128,771.5068493,70.782169,58992.88915,5031
2026-03-04,51107.56663,5265.115972,746.0307158,759.4520548,69.590911,57947.75629,4947
2026-03-03,50437.2979,5202.98397,737.2270384,747.3972603,68.7674055,57193.67358,4889
2026-03-02,49884.18128,5153.370204,730.1971091,735.3424658,68.1133985,56571.20446,4843
2026-03-01,48926.19193,5050.687859,715.6477271,723.2876712,66.7550985,55482.57028,4745
2026-02-28,47873.46309,4935.268617,699.2936145,711.2328767,65.230768,54284.48897,4637
2026-02-27,46882.56674,4835.691232,685.184184,699.1780822,63.914662,53166.5349,4543
2026-02-26,45935.86819,4724.098526,669.3722651,687.1232877,62.4414845,52078.90375,4437
2026-02-25,44942.91997,4629.932955,656.0296515,675.0684932,61.19575,50965.14682,4349
2026-02-24,44312.69405,4571.74775,647.7852083,663.0136986,60.4280215,50255.66873,4295
2026-02-23,43766.06299,4522.500239,640.8071747,650.9589041,59.7728585,49640.10217,4249
2026-02-22,42797.61219,4417.483707,625.9270545,638.9041096,58.387248,48538.31431,4149
2026-02-21,41748.73757,4302.151929,609.5853349,626.8493151,56.8617615,47344.18591,4041
2026-02-20,40752.76618,4202.476148,595.4619623,614.7945205,55.545511,46221.04432,3947
2026-02-19,39803.3135,4088.718715,579.3433166,602.739726,54.0437225,45128.15898,3839
2026-02-18,38799.23893,3994.596877,566.0068995,590.6849315,52.798566,44003.32621,3751
2026-02-17,38177.13441,3936.455404,557.7686528,578.630137,52.0314155,43302.02002,3697
2026-02-16,37628.39491,3887.016566,550.7635095,566.5753425,51.376108,42684.12644,3651
2026-02-15,36655.66274,3783.213592,536.0553422,554.5205479,50.00415275,41579.45637,3552
2026-02-14,35605.10613,3665.859217,519.4270344,542.4657534,48.45251175,40381.31065,3442
2026-02-13,34608.60348,3565.062807,505.1448765,530.4109589,47.120872,39256.34299,3347
2026-02-12,33668.75171,3453.590363,489.349998,518.3561644,45.648128,38175.69636,3241
2026-02-11,32682.9088,3361.485655,476.2993944,506.3013699,44.43020975,37071.42543,3155
2026-02-10,32048.88861,3302.502344,467.9418651,494.2465753,43.64889825,36357.22829,3100
2026-02-09,31499.17297,3249.690689,460.4588168,482.1917808,42.951469,35734.46573,3051
2026-02-08,30548.09251,3147.954045,446.0434341,470.1369863,41.60740225,34653.83438,2954
2026-02-07,29499.91557,3031.600035,429.5568713,458.0821918,40.069561,33459.22423,2845
2026-02-06,28505.49088,2930.803625,415.2747133,446.0273973,38.73792125,32336.33453,2750
2026-02-05,27535.0097,2812.782339,398.5519089,433.9726027,37.17977775,31217.49633,2638
2026-02-04,26547.24898,2716.539506,384.9149616,421.9178082,35.90716625,30106.52842,2548
2026-02-03,25917.02307,2658.671357,376.7154429,409.8630137,35.13943775,29397.41232,2494
2026-02-02,25360.58414,2606.991263,369.3927291,397.8082192,34.45696425,28769.23332,2446
2026-02-01,24399.12428,2504.155856,354.8216593,385.7534247,33.09953125,27676.95475,2348
2026-01-31,23342.70745,2388.982606,338.502402,373.6986301,31.57614,26475.46723,2240
2026-01-30,22561.7161,2314.332366,327.9249765,361.6438356,30.590072,25596.20735,2170
2026-01-29,21774.63339,2221.18356,314.7264315,349.5890411,29.360088,24689.49251,2082
2026-01-28,21034.18786,2151.803006,304.8956843,337.5342466,28.442513,23856.86331,2018
2026-01-27,20588.37802,2110.531088,299.0477374,325.4794521,27.902372,23351.33867,1980
2026-01-26,20214.98753,2076.365593,294.2067218,313.4246575,27.444307,22926.42881,1948
2026-01-25,19367.672,1986.671603,281.4977003,301.369863,26.258251,21963.46942,1862
2026-01-24,18461.42855,1885.738531,267.1961783,289.3150685,24.924805,20928.60313,1768
2026-01-23,17694.9813,1810.989894,256.6048106,277.260274,23.9374365,20063.77372,1698
2026-01-22,16907.89859,1717.841089,243.4062656,265.2054795,22.7074525,19157.05888,1610
2026-01-21,16167.45307,1648.504266,233.5817149,253.1506849,21.7898775,18324.47961,1546
2026-01-20,15721.8672,1607.232348,227.733768,241.0958904,21.25038675,17819.17959,1508
2026-01-19,15342.45607,1573.203515,222.9121164,229.0410959,20.79347775,17388.40627,1476
2026-01-18,14511.31508,1485.903843,210.5423533,216.9863014,19.64080125,16444.38838,1392
2026-01-17,13627.09848,1389.114362,196.8279497,204.9315068,18.36154275,15436.33384,1302
2026-01-16,12866.89013,1316.628848,186.5572509,192.8767123,17.40408575,14580.35703,1234
2026-01-15,12035.21868,1221.544909,173.0845108,180.8219178,16.14794725,13626.81796,1144
2026-01-14,11290.86095,1152.262751,163.2677057,168.7671233,15.23167275,12790.3902,1080
2026-01-13,10845.05111,1111.034565,157.4259553,156.7123288,14.69153175,12284.91549,1042
2026-01-12,10397.03446,1073.315859,152.0814741,144.6575342,14.18650425,11781.27583,1006
2026-01-11,9563.790365,985.4258059,139.6280582,132.6027397,13.02544675,10834.47242,922
2026-01-10,8665.547923,887.0838451,125.6936788,120.5479452,11.72624725,9810.599639,830
2026-01-09,7891.197481,811.7448288,115.0186584,108.4931507,10.73107575,8937.185195,760
2026-01-08,7062.797923,715.7589205,101.4181155,96.43835616,9.463016,7985.876331,669
2026-01-07,6279.374369,642.3769038,91.0203885,84.38356164,8.492554,7105.647777,601
2026-01-06,5734.96958,593.8455014,84.14382263,72.32876712,7.846928,6493.134599,555
2026-01-05,5086.491878,536.1085481,75.9628935,60.2739726,7.08620775,5765.9235,503
2026-01-04,4105.010831,433.3387391,61.4011185,48.21917808,5.728558,4653.698425,405
2026-01-03,3034.914762,314.2952216,44.53347094,36.16438356,4.156976,3434.064814,293
2026-01-02,2046.420663,215.4011464,30.52086075,24.10958904,2.848673,2319.300932,200
2026-01-01,1099.159001,103.7920406,14.70661819,12.05479452,1.3789635,1231.091418,98
