date,scope_vols,scope_acces_ind,scope_acces_coll,scope_employes,scope_1_2,total_scopes,total_mvts
2026-10-08,927.3321839,100.5285525,14.24420438,12.05479452,1.3275215,1055.487257,94
2026-10-07,941.7089925,104.721342,14.83829381,12.05479452,1.38524925,1074.708672,96
2026-10-06,1073.290398,116.3704092,16.4888865,12.05479452,1.536324,1219.740812,108
2026-10-05,1222.028571,124.6466587,17.66157413,12.05479452,1.6474445,1378.039043,116
2026-10-04,966.8354137,102.3051582,14.49593719,12.05479452,1.35215875,1097.043462,95
2026-10-03,1033.627829,113.9924908,16.15195181,12.05479452,1.5090135,1177.336079,106
2026-10-02,1181.10031,122.1648772,17.30992275,12.05479452,1.61283675,1334.242741,113
2026-10-01,991.6853044,107.104727,15.17600306,12.05479452,1.41675025,1127.437579,101
2026-09-30,997.5156733,106.5526126,15.09777225,12.05479452,1.407719,1132.628572,98
2026-09-29,1045.406211,112.9046614,15.99781388,12.05479452,1.4905175,1187.853998,105
2026-09-28,1083.316641,114.9983229,16.29447131,12.05479452,1.52107925,1228.185309,107
2026-09-27,982.9587654,103.1852614,14.62064175,12.05479452,1.365525,1114.184988,97
2026-09-26,1051.758143,116.1080182,16.4517075,12.05479452,1.53459,1197.907254,108
2026-09-25,1129.532738,120.5358664,17.07910313,12.05479452,1.5931125,1280.795615,112
2026-09-24,985.0833814,107.8317687,15.27901988,12.05479452,1.4246255,1121.67359,100
2026-09-23,947.5779484,102.1575633,14.475024,12.05479452,1.350208,1077.615538,94
2026-09-22,1076.745748,115.900292,16.42227413,12.05479452,1.5301105,1222.653219,108
2026-09-21,1096.018316,116.2064148,16.46564963,12.05479452,1.5364685,1242.281644,108
2026-09-20,1072.623356,112.0409577,15.875433,12.05479452,1.481992,1214.076533,104
2026-09-19,1053.050461,113.9924908,16.15195181,12.05479452,1.50547325,1196.755171,106
2026-09-18,1139.983891,120.2789418,17.04269869,12.05479452,1.59202875,1290.952355,112
2026-09-17,991.823933,108.9469305,15.43703063,12.05479452,1.4387865,1129.701475,102
2026-09-16,1042.027383,112.4072118,15.92732869,12.05479452,1.48509875,1183.901816,103
2026-09-15,1111.816198,119.4097716,16.91954325,12.05479452,1.57830125,1261.778608,111
2026-09-14,1075.642948,114.0034237,16.15350094,12.05479452,1.5067015,1219.361368,106
2026-09-13,1105.51093,114.2822142,16.19300363,12.05479452,1.5110365,1249.551979,107
2026-09-12,998.2281464,109.1273243,15.46259119,12.05479452,1.44174875,1136.314605,102
2026-09-11,1144.282489,120.4156038,17.06206275,12.05479452,1.591523,1295.406473,112
2026-09-10,957.4185862,104.1473617,14.75696475,12.05479452,1.377663,1089.75537,98
2026-09-09,1037.345036,110.6852708,15.6833415,12.05479452,1.462918,1177.231361,102
2026-09-08,1070.861339,111.1553881,15.74995388,12.05479452,1.4679755,1211.289451,104
2026-09-07,1118.684688,115.9330909,16.4269215,12.05479452,1.5317,1264.631195,108
2026-09-06,1128.427185,117.4363727,16.63992619,12.05479452,1.55388075,1276.112159,108
2026-09-05,1035.995507,113.402111,16.06829906,12.05479452,1.49882625,1179.019538,106
2026-09-04,1146.681213,120.4484027,17.06671013,12.05479452,1.5908005,1297.841921,112
2026-09-03,1059.431682,114.1947505,16.18061063,12.05479452,1.5098805,1203.371718,106
2026-09-02,1040.913332,111.177254,15.75305213,12.05479452,1.4688425,1181.367275,102
2026-09-01,1098.553148,117.3981073,16.63450425,12.05479452,1.552797,1246.193351,110
2026-08-31,1207.615494,130.9768416,18.5585175,12.05479452,1.730532,1370.93618,122
2026-08-30,1200.546434,127.3088341,18.03878606,12.05479452,1.68263025,1359.631479,118
2026-08-29,1141.360656,126.4833957,17.92182713,12.05479452,1.67237075,1299.493044,118
2026-08-28,1180.337639,124.8598514,17.69178206,12.05479452,1.648456,1336.592523,116
2026-08-27,1194.073952,128.5497249,18.21461175,12.05479452,1.700765,1354.593848,120
2026-08-26,1170.268781,127.9976105,18.13638094,12.05479452,1.68999975,1330.147567,118
2026-08-25,1188.465364,127.6586888,18.08835806,12.05479452,1.68841025,1347.955616,120
2026-08-24,1202.374471,131.015107,18.56393944,12.05479452,1.73161575,1365.739927,122
2026-08-23,1198.319875,127.2705687,18.03336413,12.05479452,1.6832805,1357.361883,118
2026-08-22,1122.695745,123.0668462,17.43772556,12.05479452,1.62613075,1276.881242,115
2026-08-21,1244.958453,130.8839115,18.54534994,12.05479452,1.72858125,1408.17109,122
2026-08-20,1199.627933,129.703152,18.37804444,12.05479452,1.71485375,1361.478778,121
2026-08-19,1158.620228,125.8000858,17.82500681,12.05479452,1.66268925,1315.962804,116
2026-08-18,1188.465364,127.7024206,18.09455456,12.05479452,1.68841025,1348.005544,120
2026-08-17,1200.147912,131.1080371,18.577107,12.05479452,1.732266,1363.620117,122
2026-08-16,1202.697006,127.2596358,18.031815,12.05479452,1.68198,1361.725231,118
2026-08-15,1131.950726,124.1109438,17.585667,12.05479452,1.639786,1287.341917,116
2026-08-14,1208.605582,126.7621862,17.96132981,12.05479452,1.67367125,1367.057564,118
2026-08-13,1218.997932,132.715182,18.80482838,12.05479452,1.7569755,1384.329712,124
2026-08-12,1162.019132,125.882083,17.83662525,12.05479452,1.662039,1319.454674,116
2026-08-11,1189.472037,127.5712251,18.07596506,12.05479452,1.68783225,1348.861854,120
2026-08-10,1192.469777,128.6699874,18.23165213,12.05479452,1.7006205,1353.126832,120
2026-08-09,1181.808224,123.7118908,17.52912394,12.05479452,1.63508975,1336.739123,117
2026-08-08,1093.290479,120.5522658,17.08142681,12.05479452,1.59217325,1244.57114,113
2026-08-07,1178.601498,124.1765415,17.59496175,12.05479452,1.640653,1334.068449,116
2026-08-06,1232.709319,132.6714502,18.79863188,12.05479452,1.7552415,1397.989437,124
2026-08-05,1129.02755,123.3292372,17.47490456,12.05479452,1.62945425,1283.51594,114
2026-08-04,1183.233428,128.3255992,18.18285469,12.05479452,1.69722475,1343.493901,121
2026-08-03,1179.329568,129.6703531,18.37339706,12.05479452,1.71210825,1341.140221,121
2026-08-02,1167.539613,122.4873994,17.35562194,12.05479452,1.62006175,1321.057491,115
2026-08-01,1102.358048,121.547165,17.22239719,12.05479452,1.606551,1254.788955,114
2026-07-31,1194.773076,126.6036583,17.9388675,12.05479452,1.67208175,1353.042478,118
2026-07-30,1228.013623,132.7479809,18.80947575,12.05479452,1.755675,1393.38155,124
2026-07-29,1130.646958,123.3675026,17.4803265,12.05479452,1.62996,1285.179542,114
2026-07-28,1161.023258,125.1823737,17.73748125,12.05479452,1.654525,1317.652433,118
2026-07-27,1179.699345,128.4403953,18.1991205,12.05479452,1.698164,1340.09182,120
2026-07-26,1181.551123,125.8656836,17.83430156,12.05479452,1.66297825,1338.968881,117
2026-07-25,1108.763555,121.3722377,17.19761119,12.05479452,1.60358875,1260.991787,114
2026-07-24,1172.0224,124.2640052,17.60735475,12.05479452,1.642387,1327.590942,116
2026-07-23,1224.711606,132.8846429,18.82883981,12.05479452,1.75690325,1390.236787,124
2026-07-22,1126.073338,123.258173,17.46483525,12.05479452,1.6303935,1280.481535,114
2026-07-21,1163.473954,125.231572,17.74445231,12.05479452,1.65387475,1320.158648,118
2026-07-20,1174.161073,128.7191857,18.23862319,12.05479452,1.701921,1334.875597,120
2026-07-19,1180.491845,124.3624018,17.62129688,12.05479452,1.64303725,1336.173376,117
2026-07-18,1117.654807,122.3179386,17.3316105,12.05479452,1.61731625,1270.976467,115
2026-07-17,1166.258362,123.1925753,17.4555405,12.05479452,1.62873175,1320.590004,115
2026-07-16,1230.936024,132.8573105,18.824967,12.05479452,1.754808,1396.427904,124
2026-07-15,1117.037908,123.4112344,17.486523,12.05479452,1.6324165,1271.622876,114
2026-07-14,1176.948456,128.4239958,18.19679681,12.05479452,1.69606875,1337.320112,120
2026-07-13,1176.813367,129.0799733,18.28974431,12.05479452,1.70603925,1337.943918,120
2026-07-12,1172.0876,124.7669213,17.6786145,12.05479452,1.649034,1328.236965,116
2026-07-11,1102.75425,121.4925002,17.21465156,12.05479452,1.60517825,1255.121375,114
2026-07-10,1174.572525,124.1984074,17.59806,12.05479452,1.642098,1330.065885,116
2026-07-09,1255.193144,132.9010423,18.8311635,12.05479452,1.755964,1420.736109,126
2026-07-08,1120.191369,123.5260305,17.50278881,12.05479452,1.63205525,1274.907038,114
2026-07-07,1165.467015,127.2924347,18.03646238,12.05479452,1.6835695,1324.534276,120
2026-07-06,1168.313026,128.9597108,18.27270394,12.05479452,1.70502775,1329.305263,120
2026-07-05,1188.022417,124.6466587,17.66157413,12.05479452,1.6474445,1344.032889,117
2026-07-04,1106.014777,120.2625424,17.040375,12.05479452,1.58957225,1256.962061,113
2026-07-03,1168.551886,124.2913376,17.61122756,12.05479452,1.643254,1324.152499,116
2026-07-02,1231.700411,132.9283747,18.83503631,12.05479452,1.755386,1397.274003,125
2026-07-01,1122.965802,123.4494998,17.49194494,12.05479452,1.631405,1277.593446,114
2026-06-30,1183.559406,128.0796077,18.14799938,12.05479452,1.6933955,1343.535203,120
2026-06-29,1197.627294,130.0311407,18.42451819,12.05479452,1.71918875,1359.856936,121
2026-06-28,1224.210195,130.080339,18.43148925,12.05479452,1.718683,1386.495501,122
2026-06-27,993.234995,107.3725844,15.21395663,12.05479452,1.4179785,1129.294309,100
2026-06-26,1196.108142,126.3467337,17.90246306,12.05479452,1.67049225,1354.082626,118
2026-06-25,1186.370428,129.2111689,18.30833381,12.05479452,1.70835125,1347.653077,121
2026-06-24,1146.596639,124.1765415,17.59496175,12.05479452,1.640653,1302.06359,115
2026-06-23,1194.647474,128.6317221,18.22623019,12.05479452,1.70069275,1355.260913,121
2026-06-22,1198.356275,129.9983419,18.41987081,12.05479452,1.71817725,1360.547459,121
2026-06-21,1173.859117,123.6244271,17.51673094,12.05479452,1.63451175,1328.689581,116
2026-06-20,1130.320498,123.8485528,17.548488,12.05479452,1.6393525,1285.411685,116
2026-06-19,1234.271437,130.5887216,18.50352356,12.05479452,1.72236775,1397.140845,122
2026-06-18,1167.281574,125.619692,17.79944625,12.05479452,1.660883,1324.41639,118
2026-06-17,1153.395616,125.4556976,17.77620938,12.05479452,1.6575595,1310.339877,116
2026-06-16,1162.125722,125.8711501,17.83507613,12.05479452,1.6642065,1319.550949,118
2026-06-15,1215.725287,132.3434614,18.75215813,12.05479452,1.7497505,1380.625451,123
2026-06-14,1110.271164,117.7042301,16.67787975,12.05479452,1.555687,1258.263755,112
2026-06-13,1113.713484,121.9680839,17.2820385,12.05479452,1.612042,1266.630443,114
2026-06-12,1203.24745,127.7898843,18.10694756,12.05479452,1.68725425,1362.88633,119
2026-06-11,1126.974116,122.0610141,17.29520606,12.05479452,1.61442625,1279.999557,115
2026-06-10,1107.774448,121.7712907,17.25415425,12.05479452,1.609441,1260.464128,113
2026-06-09,1153.18104,123.9524159,17.56320469,12.05479452,1.63826875,1308.389723,117
2026-06-08,1219.44512,132.075604,18.71420456,12.05479452,1.74621025,1384.035934,123
2026-06-07,1108.868567,116.4305405,16.49740669,12.05479452,1.53885275,1255.390161,110
2026-06-06,1125.601681,122.9575166,17.42223431,12.05479452,1.62454125,1279.660768,115
2026-06-05,1190.721034,125.3518345,17.76149269,12.05479452,1.65618675,1347.545343,117
2026-06-04,1111.290884,120.9786512,17.14184269,12.05479452,1.60012075,1263.066293,114
2026-06-03,1123.64998,122.9411172,17.41991063,12.05479452,1.6237465,1277.689549,114
2026-06-02,1186.198844,127.593091,18.07906331,12.05479452,1.68638725,1345.61218,120
2026-06-01,1212.220506,131.2884309,18.60266756,12.05479452,1.73580625,1375.902206,123
2026-05-31,1084.586205,114.5172728,16.22630981,12.05479452,1.51414325,1228.898725,109
2026-05-30,1111.433712,124.034413,17.57482313,12.05479452,1.640653,1266.738396,116
2026-05-29,1250.19302,130.626987,18.5089455,12.05479452,1.7234515,1413.107198,122
2026-05-28,1139.493336,125.5759602,17.79324975,12.05479452,1.660883,1296.578224,118
2026-05-27,1126.407865,125.0293123,17.7157935,12.05479452,1.65141825,1282.859183,116
2026-05-26,1187.625828,128.2490685,18.17201081,12.05479452,1.694985,1347.796687,120
2026-05-25,1253.009793,134.4535224,19.05113925,12.05479452,1.778217,1420.347467,126
2026-05-24,1108.75267,118.3055428,16.76308163,12.05479452,1.5642125,1257.440301,112
2026-05-23,1114.377543,124.0890778,17.58256875,12.05479452,1.640075,1269.744059,116
2026-05-22,1240.581785,130.7253836,18.52288763,12.05479452,1.72670275,1403.611553,122
2026-05-21,1137.266778,125.6743568,17.80719188,12.05479452,1.66153325,1294.464654,118
2026-05-20,1122.914848,125.1605078,17.734383,12.05479452,1.652502,1279.517035,116
2026-05-19,1180.209015,127.8062837,18.10927125,12.05479452,1.689783,1339.869148,120
2026-05-18,1250.038269,134.4972542,19.05733575,12.05479452,1.778795,1417.426449,126
2026-05-17,1114.783869,118.2454116,16.75456144,12.05479452,1.56341775,1263.402054,112
2026-05-16,1103.736549,124.034413,17.57482313,12.05479452,1.64000275,1259.040582,116
2026-05-15,1259.642171,131.8514783,18.6824475,12.05479452,1.741514,1423.972405,123
2026-05-14,1173.059123,129.5008922,18.34938563,12.05479452,1.71095225,1334.675148,121
2026-05-13,1122.571814,126.3030019,17.89626656,12.05479452,1.66875825,1280.494636,117
2026-05-12,1187.625828,128.2873339,18.17743275,12.05479452,1.694985,1347.840374,120
2026-05-11,1279.827275,136.3394577,19.31836331,12.05479452,1.80372125,1449.343611,128
2026-05-10,1115.606275,118.1962133,16.74759038,12.05479452,1.5627675,1264.167641,112
2026-05-09,1118.753154,123.9797483,17.5670775,12.05479452,1.63870225,1273.993477,116
2026-05-08,1244.326957,130.5668557,18.50042531,12.05479452,1.7251855,1407.174218,122
2026-05-07,1166.644634,128.1889372,18.16349063,12.05479452,1.694118,1326.745974,120
2026-05-06,1127.322157,127.1503062,18.01632375,12.05479452,1.679957,1286.223538,118
2026-05-05,1191.538034,128.1889372,18.16349063,12.05479452,1.6936845,1351.638941,120
2026-05-04,1244.917172,134.6339162,19.07669981,12.05479452,1.78060125,1412.463184,126
2026-05-03,1128.890289,118.9833863,16.85912738,12.05479452,1.5731715,1278.360769,112
2026-05-02,1119.372503,124.0726784,17.58024506,12.05479452,1.63870225,1274.718923,116
2026-05-01,1243.822582,130.5613892,18.49965075,12.05479452,1.725619,1406.664036,122
2026-04-30,1247.910808,134.7815112,19.097613,12.05479452,1.781974,1415.6267,126
2026-04-29,1113.448827,125.3026362,17.75452163,12.05479452,1.6549585,1270.215738,116
2026-04-28,1177.433108,128.3419987,18.18517838,12.05479452,1.6962855,1337.711365,120
2026-04-27,1253.87989,134.4097906,19.04494275,12.05479452,1.777639,1421.167057,126
2026-04-26,1080.565369,113.5169071,16.08456488,12.05479452,1.5009215,1223.722557,108
2026-04-25,1118.011882,123.9906812,17.56862663,12.05479452,1.6381965,1273.26418,116
2026-04-24,1303.840798,136.672913,19.36561163,12.05479452,1.8058165,1473.739933,128
2026-04-23,1264.974317,136.5635834,19.35012038,12.05479452,1.8055275,1434.748343,128
2026-04-22,1121.18027,125.1222424,17.72896106,12.05479452,1.65257425,1277.738843,116
2026-04-21,1209.604386,130.3973948,18.47641388,12.05479452,1.7234515,1372.256441,122
2026-04-20,1281.928779,133.9287404,18.97678125,12.05479452,1.771859,1448.660954,126
2026-04-19,1100.364447,116.6000013,16.52141813,12.05479452,1.5410925,1247.081753,110
2026-04-18,1134.223516,125.9367478,17.84437088,12.05479452,1.6644955,1291.723925,118
2026-04-17,1297.29811,134.3277934,19.03332431,12.05479452,1.77727775,1464.4913,126
2026-04-16,1259.110217,134.7377793,19.0914165,12.05479452,1.7783615,1426.772569,126
2026-04-15,1089.490966,123.1925753,17.4555405,12.05479452,1.62707,1243.820947,114
2026-04-14,1198.128229,128.2053367,18.16581431,12.05479452,1.69447925,1358.248654,120
2026-04-13,1271.570505,134.0326035,18.99149794,12.05479452,1.77323175,1438.422633,126
2026-04-12,1100.364447,116.5125377,16.50902513,12.05479452,1.5410925,1246.981897,110
2026-04-11,1089.827547,122.0118157,17.288235,12.05479452,1.610886,1242.793279,114
2026-04-10,1263.440601,129.5610235,18.35790581,12.05479452,1.7130475,1425.127373,122
2026-04-09,1256.877259,134.6120503,19.07360156,12.05479452,1.778506,1424.396212,126
2026-04-08,1086.994182,123.1488434,17.449344,12.05479452,1.627648,1241.274812,114
2026-04-07,1203.741033,128.2381356,18.17046169,12.05479452,1.69317875,1363.897604,120
2026-04-06,1255.116738,131.9608079,18.69793875,12.05479452,1.745849,1419.576128,124
2026-04-05,1102.050094,116.550803,16.51444706,12.05479452,1.54044225,1248.710581,110
2026-04-04,1102.455879,122.7716564,17.39589919,12.05479452,1.62324075,1256.30147,115
2026-04-03,1334.259421,137.3179575,19.45701,12.05479452,1.81614825,1504.905331,129
2026-04-02,1256.245904,134.699514,19.08599456,12.05479452,1.778506,1423.864713,126
2026-04-01,1079.577742,121.9298186,17.27661656,12.05479452,1.61095825,1232.44993,113
2026-03-31,1196.685588,128.2108032,18.16658888,12.05479452,1.6945515,1356.812326,120
2026-03-30,1243.709784,132.0264056,18.7072335,12.05479452,1.746138,1408.244356,124
2026-03-29,1038.67585,111.4997762,15.79875131,12.05479452,1.47368325,1179.502856,106
2026-03-28,999.067464,99.52272032,14.10168488,12.05479452,1.3148055,1126.061469,94
2026-03-27,972.0822279,111.7239019,15.83050838,12.05479452,1.4749115,1113.166344,106
2026-03-26,974.3806941,94.53182481,13.39450931,12.05479452,1.25115325,1095.612976,88
2026-03-25,774.4042917,71.47968202,10.12817925,12.05479452,0.945897,869.0128445,66
2026-03-24,586.6373179,54.42426692,7.71154425,12.05479452,0.718743,661.5466666,50
2026-03-23,986.1192044,106.4268835,15.07995731,12.05479452,1.40663525,1121.087475,101
2026-03-22,1047.157887,116.2228143,16.46797331,12.05479452,1.53495125,1193.43842,108
2026-03-21,985.5333102,100.1896308,14.1961815,12.05479452,1.325354,1113.299271,94
2026-03-20,951.6006266,111.5489746,15.80572238,12.05479452,1.4708655,1092.480984,106
2026-03-19,946.272577,92.61309061,13.12263788,12.05479452,1.2269495,1065.290049,86
2026-03-18,756.6632889,69.09083061,9.789695438,12.05479452,0.91071125,848.5093207,64
2026-03-17,580.5484861,54.24933958,7.68675825,12.05479452,0.7194655,655.258844,50
2026-03-16,970.0746476,102.4636861,14.5183995,12.05479452,1.354832,1100.46636,98
2026-03-15,1056.550209,116.0916188,16.44938381,12.05479452,1.53379525,1202.679801,108
2026-03-14,986.9841405,99.67578173,14.12337263,12.05479452,1.3174065,1114.155496,94
2026-03-13,950.2014857,112.6368039,15.95986031,12.05479452,1.48639925,1092.339344,107
2026-03-12,933.5581898,91.67285618,12.98941313,12.05479452,1.2133665,1051.48862,85
2026-03-11,670.2687276,62.44905838,8.848602,12.05479452,0.8235055,754.444688,58
2026-03-10,588.851426,52.63126174,7.45748775,12.05479452,0.6975015,661.6924715,49
2026-03-09,960.0748981,102.6878118,14.55015656,12.05479452,1.35837225,1090.726033,98
2026-03-08,1069.73778,117.99942,16.71970613,12.05479452,1.5595885,1218.071289,110
2026-03-07,995.9713897,99.6320499,14.11717613,12.05479452,1.3162505,1123.091661,94
2026-03-06,949.7665907,113.9760913,16.14962813,12.05479452,1.5035225,1093.450627,108
2026-03-05,929.1343057,90.00011355,12.752397,12.05479452,1.191258,1045.132869,84
2026-03-04,670.2687276,62.13200259,8.803677375,12.05479452,0.8235055,754.0827076,58
2026-03-03,553.1166252,49.61376522,7.02992925,12.05479452,0.654007,622.4691212,46
2026-03-02,957.9893533,102.6823453,14.549382,12.05479452,1.3583,1088.634175,98
2026-03-01,1052.728835,115.4192418,16.35411263,12.05479452,1.5243305,1198.081315,108
2026-02-28,990.8963464,99.57738511,14.1094305,12.05479452,1.316106,1117.954063,94
2026-02-27,946.698557,111.5927064,15.81191888,12.05479452,1.4731775,1087.631154,106
2026-02-26,992.948222,94.1655707,13.34261363,12.05479452,1.2457345,1113.756935,88
2026-02-25,630.2259137,58.1852046,8.24444325,12.05479452,0.7677285,709.4780846,54
2026-02-24,546.6310611,49.24751111,6.978033563,12.05479452,0.655163,615.5665633,46
2026-02-23,968.4508028,105.0165319,14.88012019,12.05479452,1.3856105,1101.78786,100
2026-02-22,1048.874615,115.3317782,16.34171963,12.05479452,1.5254865,1194.128394,108
2026-02-21,995.9713897,99.67578173,14.12337263,12.05479452,1.3162505,1123.141589,94
2026-02-20,949.4526829,113.7574322,16.11864563,12.05479452,1.5017885,1092.885344,108
2026-02-19,1004.074566,94.12183887,13.33641713,12.05479452,1.2451565,1124.832773,88
2026-02-18,622.1045277,58.14147277,8.23824675,12.05479452,0.7671505,701.3061922,54
2026-02-17,548.7394944,49.43883788,7.00514325,12.05479452,0.6553075,617.8935776,46
2026-02-16,972.7321737,103.8029735,14.70816731,12.05479452,1.37195525,1104.670064,99
2026-02-15,1050.556608,117.3543755,16.62830775,12.05479452,1.551641,1198.145727,110
2026-02-14,996.5026502,100.79641,14.28215794,12.05479452,1.33163975,1124.967652,95
2026-02-13,939.851772,111.4724438,15.7948785,12.05479452,1.472744,1080.646633,106
2026-02-12,985.8429034,92.10470804,13.05060356,12.05479452,1.21791825,1104.270928,86
2026-02-11,634.0201969,58.98331057,8.357529375,12.05479452,0.7813115,714.1971429,55
2026-02-10,549.7156374,52.81165555,7.483048313,12.05479452,0.69742925,622.762565,49
2026-02-09,951.08046,101.7366444,14.41538269,12.05479452,1.34406675,1080.631348,97
2026-02-08,1048.176937,116.3540098,16.48656281,12.05479452,1.53784125,1194.610146,109
2026-02-07,994.4246967,100.79641,14.28215794,12.05479452,1.33163975,1122.889699,95
2026-02-06,970.4811771,118.0212859,16.72280438,12.05479452,1.5581435,1118.838205,112
2026-02-05,987.7607187,96.2428328,13.63694738,12.05479452,1.2726115,1110.967905,90
2026-02-04,630.2259137,57.86814881,8.199518625,12.05479452,0.7677285,709.1161042,54
2026-02-03,556.4389221,51.68009436,7.322713875,12.05479452,0.6824735,628.1789984,48
2026-02-02,961.4598678,102.8354067,14.57106975,12.05479452,1.357433,1092.278572,98
2026-02-01,1056.416827,115.1732503,16.31925731,12.05479452,1.52339125,1201.48752,108
2026-01-31,780.9913548,74.65023996,10.5774255,12.05479452,0.986068,879.2598828,70
2026-01-30,787.0827098,93.14880557,13.198545,12.05479452,1.229984,906.7148389,88
2026-01-29,740.4455215,69.38055401,9.83074725,12.05479452,0.917575,832.6291923,64
2026-01-28,445.8098402,41.27191796,5.847946875,12.05479452,0.540141,505.5246406,38
2026-01-27,373.3904921,34.165495,4.841015625,12.05479452,0.458065,424.9098623,32
2026-01-26,847.3155321,89.69399071,12.7090215,12.05479452,1.186056,962.9593949,86
2026-01-25,906.2434469,100.9330719,14.301522,12.05479452,1.333446,1034.866281,94
2026-01-24,766.4472503,74.74863658,10.59136763,12.05479452,0.9873685,864.8294175,70
2026-01-23,787.0827098,93.14880557,13.198545,12.05479452,1.229984,906.7148389,88
2026-01-22,740.4455215,69.33682217,9.82455075,12.05479452,0.917575,832.5792639,64
2026-01-21,445.5858722,41.27191796,5.847946875,12.05479452,0.53949075,505.3000224,38
2026-01-20,379.4111312,34.02883302,4.821651563,12.05479452,0.456909,430.7733193,32
2026-01-19,831.1409827,87.29967282,12.36976313,12.05479452,1.1526765,944.0178897,84
2026-01-18,884.2166025,96.78948072,13.71440363,12.05479452,1.2792585,1008.05454,90
2026-01-17,760.2083532,72.48551419,10.27069875,12.05479452,0.957457,855.9768176,68
2026-01-16,831.6714495,95.0839392,13.47274013,12.05479452,1.2561385,953.5390618,90
2026-01-15,744.3577274,69.28215738,9.816805125,12.05479452,0.9162745,836.4277589,64
2026-01-14,445.8098402,41.22818613,5.841750375,12.05479452,0.540141,505.4747122,38
2026-01-13,448.0166483,37.71870648,5.34448125,12.05479452,0.5050275,503.6396581,36
2026-01-12,833.2440983,87.89005258,12.45341588,12.05479452,1.1610575,946.8034187,84
2026-01-11,898.2424422,98.34196081,13.93437938,12.05479452,1.2991995,1023.872776,92
2026-01-10,774.3504418,75.33901633,10.67502038,12.05479452,0.9951715,873.4144445,70
2026-01-09,828.3995582,95.98590827,13.60054294,12.05479452,1.26805975,951.3088637,91
2026-01-08,783.4235539,73.38201678,10.397727,12.05479452,0.970462,880.2285542,68
2026-01-07,544.404789,48.53140234,6.876565875,12.05479452,0.645626,612.5131777,46
2026-01-06,684.398816,57.73695331,8.180929125,12.05479452,0.76072025,763.1322133,54
2026-01-05,981.4810466,102.769809,14.561775,12.05479452,1.35764975,1112.225075,98
2026-01-04,1070.096069,119.0435175,16.86764756,12.05479452,1.571582,1219.633611,112
2026-01-03,988.4940993,98.89407521,14.01261019,12.05479452,1.308303,1114.763882,93
2026-01-02,1020.899946,111.6091058,15.81424256,12.05479452,1.4697095,1161.847798,106
2026-01-01,1099.159001,103.7920406,14.70661819,12.05479452,1.3789635,1231.091418,98
