date,compagnie,rotations,emissions
2026-10-08,Ryanair,82,766.8139698
2026-10-08,Wizz Air,12,160.5182141
2026-10-08,HiSky,0,0
2026-10-08,SkyUp,0,0
2026-10-08,Volotea,0,0
2026-10-08,Autres,0,0
2026-10-07,Ryanair,78,717.5565968
2026-10-07,Wizz Air,18,224.1523957
2026-10-07,HiSky,0,0
2026-10-07,SkyUp,0,0
2026-10-07,Volotea,0,0
2026-10-07,Autres,0,0
2026-10-06,Ryanair,92,859.0142672
2026-10-06,Wizz Air,16,214.2761308
2026-10-06,HiSky,0,0
2026-10-06,SkyUp,0,0
2026-10-06,Volotea,0,0
2026-10-06,Autres,0,0
2026-10-05,Ryanair,92,905.7286701
2026-10-05,Wizz Air,24,316.2999013
2026-10-05,HiSky,0,0
2026-10-05,SkyUp,0,0
2026-10-05,Volotea,0,0
2026-10-05,Autres,0,0
2026-10-04,Ryanair,79,788.3159401
2026-10-04,Wizz Air,16,178.5194735
2026-10-04,HiSky,0,0
2026-10-04,SkyUp,0,0
2026-10-04,Volotea,0,0
2026-10-04,Autres,0,0
2026-10-03,Ryanair,90,816.5816039
2026-10-03,Wizz Air,16,217.0462248
2026-10-03,HiSky,0,0
2026-10-03,SkyUp,0,0
2026-10-03,Volotea,0,0
2026-10-03,Autres,0,0
2026-10-02,Ryanair,89,866.6141182
2026-10-02,Wizz Air,24,314.4861915
2026-10-02,HiSky,0,0
2026-10-02,SkyUp,0,0
2026-10-02,Volotea,0,0
2026-10-02,Autres,0,0
2026-10-01,Ryanair,84,772.1925781
2026-10-01,Wizz Air,13,166.3566696
2026-10-01,HiSky,4,53.13605664
2026-10-01,SkyUp,0,0
2026-10-01,Volotea,0,0
2026-10-01,Autres,0,0
2026-09-30,Ryanair,80,766.5161762
2026-09-30,Wizz Air,18,230.9994971
2026-09-30,HiSky,0,0
2026-09-30,SkyUp,0,0
2026-09-30,Volotea,0,0
2026-09-30,Autres,0,0
2026-09-29,Ryanair,93,874.8478753
2026-09-29,Wizz Air,12,170.5583353
2026-09-29,HiSky,0,0
2026-09-29,SkyUp,0,0
2026-09-29,Volotea,0,0
2026-09-29,Autres,0,0
2026-09-28,Ryanair,85,812.4960777
2026-09-28,Wizz Air,22,270.8205631
2026-09-28,HiSky,0,0
2026-09-28,SkyUp,0,0
2026-09-28,Volotea,0,0
2026-09-28,Autres,0,0
2026-09-27,Ryanair,81,797.1800446
2026-09-27,Wizz Air,14,156.1114702
2026-09-27,HiSky,2,29.66725063
2026-09-27,SkyUp,0,0
2026-09-27,Volotea,0,0
2026-09-27,Autres,0,0
2026-09-26,Ryanair,92,836.9010275
2026-09-26,Wizz Air,16,214.8571159
2026-09-26,HiSky,0,0
2026-09-26,SkyUp,0,0
2026-09-26,Volotea,0,0
2026-09-26,Autres,0,0
2026-09-25,Ryanair,90,866.7181679
2026-09-25,Wizz Air,22,262.8145704
2026-09-25,HiSky,0,0
2026-09-25,SkyUp,0,0
2026-09-25,Volotea,0,0
2026-09-25,Autres,0,0
2026-09-24,Ryanair,86,796.2632247
2026-09-24,Wizz Air,14,188.8201567
2026-09-24,HiSky,0,0
2026-09-24,SkyUp,0,0
2026-09-24,Volotea,0,0
2026-09-24,Autres,0,0
2026-09-23,Ryanair,80,760.5462019
2026-09-23,Wizz Air,14,187.0317466
2026-09-23,HiSky,0,0
2026-09-23,SkyUp,0,0
2026-09-23,Volotea,0,0
2026-09-23,Autres,0,0
2026-09-22,Ryanair,94,882.4269249
2026-09-22,Wizz Air,14,194.318823
2026-09-22,HiSky,0,0
2026-09-22,SkyUp,0,0
2026-09-22,Volotea,0,0
2026-09-22,Autres,0,0
2026-09-21,Ryanair,86,831.3885937
2026-09-21,Wizz Air,22,264.6297225
2026-09-21,HiSky,0,0
2026-09-21,SkyUp,0,0
2026-09-21,Volotea,0,0
2026-09-21,Autres,0,0
2026-09-20,Ryanair,82,807.9815408
2026-09-20,Wizz Air,18,216.1885926
2026-09-20,HiSky,2,29.66725063
2026-09-20,SkyUp,0,0
2026-09-20,Volotea,2,18.78597142
2026-09-20,Autres,0,0
2026-09-19,Ryanair,90,835.9667864
2026-09-19,Wizz Air,16,217.0836746
2026-09-19,HiSky,0,0
2026-09-19,SkyUp,0,0
2026-09-19,Volotea,0,0
2026-09-19,Autres,0,0
2026-09-18,Ryanair,92,896.4138577
2026-09-18,Wizz Air,20,243.5700336
2026-09-18,HiSky,0,0
2026-09-18,SkyUp,0,0
2026-09-18,Volotea,0,0
2026-09-18,Autres,0,0
2026-09-17,Ryanair,86,787.2767835
2026-09-17,Wizz Air,12,156.0939274
2026-09-17,HiSky,2,29.66725063
2026-09-17,SkyUp,0,0
2026-09-17,Volotea,2,18.78597142
2026-09-17,Autres,0,0
2026-09-16,Ryanair,81,770.7205704
2026-09-16,Wizz Air,22,271.3068123
2026-09-16,HiSky,0,0
2026-09-16,SkyUp,0,0
2026-09-16,Volotea,0,0
2026-09-16,Autres,0,0
2026-09-15,Ryanair,95,886.70355
2026-09-15,Wizz Air,14,188.8201567
2026-09-15,HiSky,2,36.29249087
2026-09-15,SkyUp,0,0
2026-09-15,Volotea,0,0
2026-09-15,Autres,0,0
2026-09-14,Ryanair,84,807.1010193
2026-09-14,Wizz Air,22,268.5419284
2026-09-14,HiSky,0,0
2026-09-14,SkyUp,0,0
2026-09-14,Volotea,0,0
2026-09-14,Autres,0,0
2026-09-13,Ryanair,82,810.3239979
2026-09-13,Wizz Air,19,223.2649042
2026-09-13,HiSky,4,53.13605664
2026-09-13,SkyUp,0,0
2026-09-13,Volotea,2,18.78597142
2026-09-13,Autres,0,0
2026-09-12,Ryanair,88,803.2692252
2026-09-12,Wizz Air,14,194.9589213
2026-09-12,HiSky,0,0
2026-09-12,SkyUp,0,0
2026-09-12,Volotea,0,0
2026-09-12,Autres,0,0
2026-09-11,Ryanair,90,879.6527666
2026-09-11,Wizz Air,22,264.6297225
2026-09-11,HiSky,0,0
2026-09-11,SkyUp,0,0
2026-09-11,Volotea,0,0
2026-09-11,Autres,0,0
2026-09-10,Ryanair,86,796.2632247
2026-09-10,Wizz Air,8,112.7021395
2026-09-10,HiSky,2,29.66725063
2026-09-10,SkyUp,0,0
2026-09-10,Volotea,2,18.78597142
2026-09-10,Autres,0,0
2026-09-09,Ryanair,80,765.3234513
2026-09-09,Wizz Air,22,272.0215849
2026-09-09,HiSky,0,0
2026-09-09,SkyUp,0,0
2026-09-09,Volotea,0,0
2026-09-09,Autres,0,0
2026-09-08,Ryanair,88,852.3739321
2026-09-08,Wizz Air,14,188.8201567
2026-09-08,HiSky,2,29.66725063
2026-09-08,SkyUp,0,0
2026-09-08,Volotea,0,0
2026-09-08,Autres,0,0
2026-09-07,Ryanair,86,849.2910202
2026-09-07,Wizz Air,22,269.3936681
2026-09-07,HiSky,0,0
2026-09-07,SkyUp,0,0
2026-09-07,Volotea,0,0
2026-09-07,Autres,0,0
2026-09-06,Ryanair,82,812.2727501
2026-09-06,Wizz Air,20,232.3661522
2026-09-06,HiSky,4,65.00231095
2026-09-06,SkyUp,0,0
2026-09-06,Volotea,2,18.78597142
2026-09-06,Autres,0,0
2026-09-05,Ryanair,92,844.9487914
2026-09-05,Wizz Air,14,191.0467154
2026-09-05,HiSky,0,0
2026-09-05,SkyUp,0,0
2026-09-05,Volotea,0,0
2026-09-05,Autres,0,0
2026-09-04,Ryanair,90,877.6743601
2026-09-04,Wizz Air,22,269.0068533
2026-09-04,HiSky,0,0
2026-09-04,SkyUp,0,0
2026-09-04,Volotea,0,0
2026-09-04,Autres,0,0
2026-09-03,Ryanair,86,796.2632247
2026-09-03,Wizz Air,14,179.380175
2026-09-03,HiSky,4,65.00231095
2026-09-03,SkyUp,0,0
2026-09-03,Volotea,2,18.78597142
2026-09-03,Autres,0,0
2026-09-02,Ryanair,80,764.0406889
2026-09-02,Wizz Air,22,276.872643
2026-09-02,HiSky,0,0
2026-09-02,SkyUp,0,0
2026-09-02,Volotea,0,0
2026-09-02,Autres,0,0
2026-09-01,Ryanair,94,880.0657406
2026-09-01,Wizz Air,14,188.8201567
2026-09-01,HiSky,2,29.66725063
2026-09-01,SkyUp,0,0
2026-09-01,Volotea,0,0
2026-09-01,Autres,0,0
2026-08-31,Ryanair,100,942.9857714
2026-08-31,Wizz Air,22,264.6297225
2026-08-31,HiSky,0,0
2026-08-31,SkyUp,0,0
2026-08-31,Volotea,0,0
2026-08-31,Autres,0,0
2026-08-30,Ryanair,94,908.06182
2026-08-30,Wizz Air,18,208.6963316
2026-08-30,HiSky,4,65.00231095
2026-08-30,SkyUp,0,0
2026-08-30,Volotea,2,18.78597142
2026-08-30,Autres,0,0
2026-08-29,Ryanair,102,934.062463
2026-08-29,Wizz Air,16,207.298193
2026-08-29,HiSky,0,0
2026-08-29,SkyUp,0,0
2026-08-29,Volotea,0,0
2026-08-29,Autres,0,0
2026-08-28,Ryanair,94,913.481358
2026-08-28,Wizz Air,22,266.8562812
2026-08-28,HiSky,0,0
2026-08-28,SkyUp,0,0
2026-08-28,Volotea,0,0
2026-08-28,Autres,0,0
2026-08-27,Ryanair,100,926.6946714
2026-08-27,Wizz Air,14,183.590998
2026-08-27,HiSky,4,65.00231095
2026-08-27,SkyUp,0,0
2026-08-27,Volotea,2,18.78597142
2026-08-27,Autres,0,0
2026-08-26,Ryanair,94,871.6245981
2026-08-26,Wizz Air,24,298.6441831
2026-08-26,HiSky,0,0
2026-08-26,SkyUp,0,0
2026-08-26,Volotea,0,0
2026-08-26,Autres,0,0
2026-08-25,Ryanair,102,952.0484314
2026-08-25,Wizz Air,16,206.7496822
2026-08-25,HiSky,2,29.66725063
2026-08-25,SkyUp,0,0
2026-08-25,Volotea,0,0
2026-08-25,Autres,0,0
2026-08-24,Ryanair,100,935.5181894
2026-08-24,Wizz Air,22,266.8562812
2026-08-24,HiSky,0,0
2026-08-24,SkyUp,0,0
2026-08-24,Volotea,0,0
2026-08-24,Autres,0,0
2026-08-23,Ryanair,94,908.06182
2026-08-23,Wizz Air,18,206.4697729
2026-08-23,HiSky,4,65.00231095
2026-08-23,SkyUp,0,0
2026-08-23,Volotea,2,18.78597142
2026-08-23,Autres,0,0
2026-08-22,Ryanair,99,918.1726211
2026-08-22,Wizz Air,16,204.5231235
2026-08-22,HiSky,0,0
2026-08-22,SkyUp,0,0
2026-08-22,Volotea,0,0
2026-08-22,Autres,0,0
2026-08-21,Ryanair,100,978.1021714
2026-08-21,Wizz Air,22,266.8562812
2026-08-21,HiSky,0,0
2026-08-21,SkyUp,0,0
2026-08-21,Volotea,0,0
2026-08-21,Autres,0,0
2026-08-20,Ryanair,99,920.7565087
2026-08-20,Wizz Air,16,195.0831418
2026-08-20,HiSky,4,65.00231095
2026-08-20,SkyUp,0,0
2026-08-20,Volotea,2,18.78597142
2026-08-20,Autres,0,0
2026-08-19,Ryanair,92,859.9760446
2026-08-19,Wizz Air,24,298.6441831
2026-08-19,HiSky,0,0
2026-08-19,SkyUp,0,0
2026-08-19,Volotea,0,0
2026-08-19,Autres,0,0
2026-08-18,Ryanair,102,952.0484314
2026-08-18,Wizz Air,16,206.7496822
2026-08-18,HiSky,2,29.66725063
2026-08-18,SkyUp,0,0
2026-08-18,Volotea,0,0
2026-08-18,Autres,0,0
2026-08-17,Ryanair,100,935.5181894
2026-08-17,Wizz Air,22,264.6297225
2026-08-17,HiSky,0,0
2026-08-17,SkyUp,0,0
2026-08-17,Volotea,0,0
2026-08-17,Autres,0,0
2026-08-16,Ryanair,94,908.06182
2026-08-16,Wizz Air,18,210.8469037
2026-08-16,HiSky,4,65.00231095
2026-08-16,SkyUp,0,0
2026-08-16,Volotea,2,18.78597142
2026-08-16,Autres,0,0
2026-08-15,Ryanair,100,927.4276021
2026-08-15,Wizz Air,16,204.5231235
2026-08-15,HiSky,0,0
2026-08-15,SkyUp,0,0
2026-08-15,Volotea,0,0
2026-08-15,Autres,0,0
2026-08-14,Ryanair,96,938.8005078
2026-08-14,Wizz Air,22,269.8050747
2026-08-14,HiSky,0,0
2026-08-14,SkyUp,0,0
2026-08-14,Volotea,0,0
2026-08-14,Autres,0,0
2026-08-13,Ryanair,102,940.1265074
2026-08-13,Wizz Air,16,195.0831418
2026-08-13,HiSky,4,65.00231095
2026-08-13,SkyUp,0,0
2026-08-13,Volotea,2,18.78597142
2026-08-13,Autres,0,0
2026-08-12,Ryanair,92,859.9760446
2026-08-12,Wizz Air,24,302.0430876
2026-08-12,HiSky,0,0
2026-08-12,SkyUp,0,0
2026-08-12,Volotea,0,0
2026-08-12,Autres,0,0
2026-08-11,Ryanair,102,953.0551044
2026-08-11,Wizz Air,16,206.7496822
2026-08-11,HiSky,2,29.66725063
2026-08-11,SkyUp,0,0
2026-08-11,Volotea,0,0
2026-08-11,Autres,0,0
2026-08-10,Ryanair,98,910.0925738
2026-08-10,Wizz Air,22,282.3772034
2026-08-10,HiSky,0,0
2026-08-10,SkyUp,0,0
2026-08-10,Volotea,0,0
2026-08-10,Autres,0,0
2026-08-09,Ryanair,95,924.0000745
2026-08-09,Wizz Air,16,185.8861212
2026-08-09,HiSky,4,53.13605664
2026-08-09,SkyUp,0,0
2026-08-09,Volotea,2,18.78597142
2026-08-09,Autres,0,0
2026-08-08,Ryanair,99,913.9829031
2026-08-08,Wizz Air,14,179.3075764
2026-08-08,HiSky,0,0
2026-08-08,SkyUp,0,0
2026-08-08,Volotea,0,0
2026-08-08,Autres,0,0
2026-08-07,Ryanair,96,938.8005078
2026-08-07,Wizz Air,20,239.8009902
2026-08-07,HiSky,0,0
2026-08-07,SkyUp,0,0
2026-08-07,Volotea,0,0
2026-08-07,Autres,0,0
2026-08-06,Ryanair,102,953.8378949
2026-08-06,Wizz Air,16,195.0831418
2026-08-06,HiSky,4,65.00231095
2026-08-06,SkyUp,0,0
2026-08-06,Volotea,2,18.78597142
2026-08-06,Autres,0,0
2026-08-05,Ryanair,92,859.9760446
2026-08-05,Wizz Air,22,269.0515051
2026-08-05,HiSky,0,0
2026-08-05,SkyUp,0,0
2026-08-05,Volotea,0,0
2026-08-05,Autres,0,0
2026-08-04,Ryanair,105,980.1354604
2026-08-04,Wizz Air,14,173.4307165
2026-08-04,HiSky,2,29.66725063
2026-08-04,SkyUp,0,0
2026-08-04,Volotea,0,0
2026-08-04,Autres,0,0
2026-08-03,Ryanair,101,944.2925231
2026-08-03,Wizz Air,20,235.0370445
2026-08-03,HiSky,0,0
2026-08-03,SkyUp,0,0
2026-08-03,Volotea,0,0
2026-08-03,Autres,0,0
2026-08-02,Ryanair,93,900.4983601
2026-08-02,Wizz Air,16,181.8352109
2026-08-02,HiSky,4,66.4200708
2026-08-02,SkyUp,0,0
2026-08-02,Volotea,2,18.78597142
2026-08-02,Autres,0,0
2026-08-01,Ryanair,100,927.4276021
2026-08-01,Wizz Air,14,174.9304456
2026-08-01,HiSky,0,0
2026-08-01,SkyUp,0,0
2026-08-01,Volotea,0,0
2026-08-01,Autres,0,0
2026-07-31,Ryanair,97,949.0543009
2026-07-31,Wizz Air,21,245.7187748
2026-07-31,HiSky,0,0
2026-07-31,SkyUp,0,0
2026-07-31,Volotea,0,0
2026-07-31,Autres,0,0
2026-07-30,Ryanair,102,944.7650684
2026-07-30,Wizz Air,16,199.4602726
2026-07-30,HiSky,4,65.00231095
2026-07-30,SkyUp,0,0
2026-07-30,Volotea,2,18.78597142
2026-07-30,Autres,0,0
2026-07-29,Ryanair,92,855.2156074
2026-07-29,Wizz Air,22,275.4313509
2026-07-29,HiSky,0,0
2026-07-29,SkyUp,0,0
2026-07-29,Volotea,0,0
2026-07-29,Autres,0,0
2026-07-28,Ryanair,102,952.0484314
2026-07-28,Wizz Air,14,179.3075764
2026-07-28,HiSky,2,29.66725063
2026-07-28,SkyUp,0,0
2026-07-28,Volotea,0,0
2026-07-28,Autres,0,0
2026-07-27,Ryanair,100,937.8710485
2026-07-27,Wizz Air,20,241.8282969
2026-07-27,HiSky,0,0
2026-07-27,SkyUp,0,0
2026-07-27,Volotea,0,0
2026-07-27,Autres,0,0
2026-07-26,Ryanair,95,915.9276296
2026-07-26,Wizz Air,16,181.8352109
2026-07-26,HiSky,4,65.00231095
2026-07-26,SkyUp,0,0
2026-07-26,Volotea,2,18.78597142
2026-07-26,Autres,0,0
2026-07-25,Ryanair,100,931.6065506
2026-07-25,Wizz Air,14,177.1570043
2026-07-25,HiSky,0,0
2026-07-25,SkyUp,0,0
2026-07-25,Volotea,0,0
2026-07-25,Autres,0,0
2026-07-24,Ryanair,96,938.8005078
2026-07-24,Wizz Air,20,233.2218925
2026-07-24,HiSky,0,0
2026-07-24,SkyUp,0,0
2026-07-24,Volotea,0,0
2026-07-24,Autres,0,0
2026-07-23,Ryanair,102,943.6896101
2026-07-23,Wizz Air,16,197.2337139
2026-07-23,HiSky,4,65.00231095
2026-07-23,SkyUp,0,0
2026-07-23,Volotea,2,18.78597142
2026-07-23,Autres,0,0
2026-07-22,Ryanair,92,855.2156074
2026-07-22,Wizz Air,22,270.8577309
2026-07-22,HiSky,0,0
2026-07-22,SkyUp,0,0
2026-07-22,Volotea,0,0
2026-07-22,Autres,0,0
2026-07-21,Ryanair,102,952.0484314
2026-07-21,Wizz Air,14,181.758272
2026-07-21,HiSky,2,29.66725063
2026-07-21,SkyUp,0,0
2026-07-21,Volotea,0,0
2026-07-21,Autres,0,0
2026-07-20,Ryanair,99,931.1376661
2026-07-20,Wizz Air,21,243.0234068
2026-07-20,HiSky,0,0
2026-07-20,SkyUp,0,0
2026-07-20,Volotea,0,0
2026-07-20,Autres,0,0
2026-07-19,Ryanair,94,908.06182
2026-07-19,Wizz Air,17,187.2239831
2026-07-19,HiSky,4,66.4200708
2026-07-19,SkyUp,0,0
2026-07-19,Volotea,2,18.78597142
2026-07-19,Autres,0,0
2026-07-18,Ryanair,101,942.7243619
2026-07-18,Wizz Air,14,174.9304456
2026-07-18,HiSky,0,0
2026-07-18,SkyUp,0,0
2026-07-18,Volotea,0,0
2026-07-18,Autres,0,0
2026-07-17,Ryanair,95,932.8139962
2026-07-17,Wizz Air,20,233.4443658
2026-07-17,HiSky,0,0
2026-07-17,SkyUp,0,0
2026-07-17,Volotea,0,0
2026-07-17,Autres,0,0
2026-07-16,Ryanair,102,944.7650684
2026-07-16,Wizz Air,16,202.3826728
2026-07-16,HiSky,4,65.00231095
2026-07-16,SkyUp,0,0
2026-07-16,Volotea,2,18.78597142
2026-07-16,Autres,0,0
2026-07-15,Ryanair,92,850.5122088
2026-07-15,Wizz Air,22,266.5256987
2026-07-15,HiSky,0,0
2026-07-15,SkyUp,0,0
2026-07-15,Volotea,0,0
2026-07-15,Autres,0,0
2026-07-14,Ryanair,104,963.5749472
2026-07-14,Wizz Air,14,177.0810177
2026-07-14,HiSky,2,36.29249087
2026-07-14,SkyUp,0,0
2026-07-14,Volotea,0,0
2026-07-14,Autres,0,0
2026-07-13,Ryanair,100,935.3316644
2026-07-13,Wizz Air,20,241.4817023
2026-07-13,HiSky,0,0
2026-07-13,SkyUp,0,0
2026-07-13,Volotea,0,0
2026-07-13,Autres,0,0
2026-07-12,Ryanair,94,909.9346217
2026-07-12,Wizz Air,16,178.3646963
2026-07-12,HiSky,4,65.00231095
2026-07-12,SkyUp,0,0
2026-07-12,Volotea,2,18.78597142
2026-07-12,Autres,0,0
2026-07-11,Ryanair,100,927.0969748
2026-07-11,Wizz Air,14,175.6572752
2026-07-11,HiSky,0,0
2026-07-11,SkyUp,0,0
2026-07-11,Volotea,0,0
2026-07-11,Autres,0,0
2026-07-10,Ryanair,96,944.8211469
2026-07-10,Wizz Air,20,229.7513779
2026-07-10,HiSky,0,0
2026-07-10,SkyUp,0,0
2026-07-10,Volotea,0,0
2026-07-10,Autres,0,0
2026-07-09,Ryanair,102,946.1836272
2026-07-09,Wizz Air,16,202.1220851
2026-07-09,HiSky,4,53.13605664
2026-07-09,SkyUp,0,0
2026-07-09,Volotea,2,18.78597142
2026-07-09,Autres,2,34.96540386
2026-07-08,Ryanair,92,854.6103785
2026-07-08,Wizz Air,22,265.5809906
2026-07-08,HiSky,0,0
2026-07-08,SkyUp,0,0
2026-07-08,Volotea,0,0
2026-07-08,Autres,0,0
2026-07-07,Ryanair,104,956.4921883
2026-07-07,Wizz Air,14,179.3075764
2026-07-07,HiSky,2,29.66725063
2026-07-07,SkyUp,0,0
2026-07-07,Volotea,0,0
2026-07-07,Autres,0,0
2026-07-06,Ryanair,100,931.595269
2026-07-06,Wizz Air,20,236.7177567
2026-07-06,HiSky,0,0
2026-07-06,SkyUp,0,0
2026-07-06,Volotea,0,0
2026-07-06,Autres,0,0
2026-07-05,Ryanair,93,887.2597162
2026-07-05,Wizz Air,16,180.591255
2026-07-05,HiSky,4,66.4200708
2026-07-05,SkyUp,0,0
2026-07-05,Volotea,2,18.78597142
2026-07-05,Autres,2,34.96540386
2026-07-04,Ryanair,99,929.6292588
2026-07-04,Wizz Air,14,176.3855184
2026-07-04,HiSky,0,0
2026-07-04,SkyUp,0,0
2026-07-04,Volotea,0,0
2026-07-04,Autres,0,0
2026-07-03,Ryanair,96,938.8005078
2026-07-03,Wizz Air,20,229.7513779
2026-07-03,HiSky,0,0
2026-07-03,SkyUp,0,0
2026-07-03,Volotea,0,0
2026-07-03,Autres,0,0
2026-07-02,Ryanair,103,951.2760968
2026-07-02,Wizz Air,16,195.2182722
2026-07-02,HiSky,4,66.4200708
2026-07-02,SkyUp,0,0
2026-07-02,Volotea,2,18.78597142
2026-07-02,Autres,0,0
2026-07-01,Ryanair,92,861.2040485
2026-07-01,Wizz Air,22,261.7617531
2026-07-01,HiSky,0,0
2026-07-01,SkyUp,0,0
2026-07-01,Volotea,0,0
2026-07-01,Autres,0,0
2026-06-30,Ryanair,104,964.6320049
2026-06-30,Wizz Air,14,181.8433381
2026-06-30,HiSky,2,37.08406328
2026-06-30,SkyUp,0,0
2026-06-30,Volotea,0,0
2026-06-30,Autres,0,0
2026-06-29,Ryanair,101,964.7287743
2026-06-29,Wizz Air,20,232.8985193
2026-06-29,HiSky,0,0
2026-06-29,SkyUp,0,0
2026-06-29,Volotea,0,0
2026-06-29,Autres,0,0
2026-06-28,Ryanair,100,956.727251
2026-06-28,Wizz Air,16,182.2769022
2026-06-28,HiSky,4,66.4200708
2026-06-28,SkyUp,0,0
2026-06-28,Volotea,2,18.78597142
2026-06-28,Autres,0,0
2026-06-27,Ryanair,86,807.1793275
2026-06-27,Wizz Air,14,186.0556674
2026-06-27,HiSky,0,0
2026-06-27,SkyUp,0,0
2026-06-27,Volotea,0,0
2026-06-27,Autres,0,0
2026-06-26,Ryanair,98,963.9077324
2026-06-26,Wizz Air,20,232.2004099
2026-06-26,HiSky,0,0
2026-06-26,SkyUp,0,0
2026-06-26,Volotea,0,0
2026-06-26,Autres,0,0
2026-06-25,Ryanair,103,969.058937
2026-06-25,Wizz Air,16,198.5255198
2026-06-25,HiSky,0,0
2026-06-25,SkyUp,0,0
2026-06-25,Volotea,2,18.78597142
2026-06-25,Autres,0,0
2026-06-24,Ryanair,93,873.9321756
2026-06-24,Wizz Air,22,272.6644633
2026-06-24,HiSky,0,0
2026-06-24,SkyUp,0,0
2026-06-24,Volotea,0,0
2026-06-24,Autres,0,0
2026-06-23,Ryanair,105,983.1368848
2026-06-23,Wizz Air,14,181.8433381
2026-06-23,HiSky,2,29.66725063
2026-06-23,SkyUp,0,0
2026-06-23,Volotea,0,0
2026-06-23,Autres,0,0
2026-06-22,Ryanair,101,963.6426036
2026-06-22,Wizz Air,20,234.7136713
2026-06-22,HiSky,0,0
2026-06-22,SkyUp,0,0
2026-06-22,Volotea,0,0
2026-06-22,Autres,0,0
2026-06-21,Ryanair,94,908.06182
2026-06-21,Wizz Air,16,180.591255
2026-06-21,HiSky,4,66.4200708
2026-06-21,SkyUp,0,0
2026-06-21,Volotea,2,18.78597142
2026-06-21,Autres,0,0
2026-06-20,Ryanair,102,943.2367877
2026-06-20,Wizz Air,14,187.0837098
2026-06-20,HiSky,0,0
2026-06-20,SkyUp,0,0
2026-06-20,Volotea,0,0
2026-06-20,Autres,0,0
2026-06-19,Ryanair,102,988.3651582
2026-06-19,Wizz Air,20,245.9062789
2026-06-19,HiSky,0,0
2026-06-19,SkyUp,0,0
2026-06-19,Volotea,0,0
2026-06-19,Autres,0,0
2026-06-18,Ryanair,98,920.3028322
2026-06-18,Wizz Air,16,198.5255198
2026-06-18,HiSky,2,29.66725063
2026-06-18,SkyUp,0,0
2026-06-18,Volotea,2,18.78597142
2026-06-18,Autres,0,0
2026-06-17,Ryanair,94,891.6338631
2026-06-17,Wizz Air,22,261.7617531
2026-06-17,HiSky,0,0
2026-06-17,SkyUp,0,0
2026-06-17,Volotea,0,0
2026-06-17,Autres,0,0
2026-06-16,Ryanair,104,971.1298064
2026-06-16,Wizz Air,14,190.9959157
2026-06-16,HiSky,0,0
2026-06-16,SkyUp,0,0
2026-06-16,Volotea,0,0
2026-06-16,Autres,0,0
2026-06-15,Ryanair,103,974.3779323
2026-06-15,Wizz Air,20,241.3473544
2026-06-15,HiSky,0,0
2026-06-15,SkyUp,0,0
2026-06-15,Volotea,0,0
2026-06-15,Autres,0,0
2026-06-14,Ryanair,94,908.06182
2026-06-14,Wizz Air,12,130.2873155
2026-06-14,HiSky,4,53.13605664
2026-06-14,SkyUp,0,0
2026-06-14,Volotea,2,18.78597142
2026-06-14,Autres,0,0
2026-06-13,Ryanair,100,927.5799496
2026-06-13,Wizz Air,14,186.1335349
2026-06-13,HiSky,0,0
2026-06-13,SkyUp,0,0
2026-06-13,Volotea,0,0
2026-06-13,Autres,0,0
2026-06-12,Ryanair,98,961.9396374
2026-06-12,Wizz Air,21,241.3078123
2026-06-12,HiSky,0,0
2026-06-12,SkyUp,0,0
2026-06-12,Volotea,0,0
2026-06-12,Autres,0,0
2026-06-11,Ryanair,103,969.9264167
2026-06-11,Wizz Air,12,157.0476995
2026-06-11,HiSky,0,0
2026-06-11,SkyUp,0,0
2026-06-11,Volotea,0,0
2026-06-11,Autres,0,0
2026-06-10,Ryanair,93,870.1437563
2026-06-10,Wizz Air,20,237.6306912
2026-06-10,HiSky,0,0
2026-06-10,SkyUp,0,0
2026-06-10,Volotea,0,0
2026-06-10,Autres,0,0
2026-06-09,Ryanair,103,961.1083743
2026-06-09,Wizz Air,12,162.4054146
2026-06-09,HiSky,2,29.66725063
2026-06-09,SkyUp,0,0
2026-06-09,Volotea,0,0
2026-06-09,Autres,0,0
2026-06-08,Ryanair,102,963.8748047
2026-06-08,Wizz Air,21,255.5703155
2026-06-08,HiSky,0,0
2026-06-08,SkyUp,0,0
2026-06-08,Volotea,0,0
2026-06-08,Autres,0,0
2026-06-07,Ryanair,94,909.9346217
2026-06-07,Wizz Air,12,132.5138742
2026-06-07,HiSky,4,66.4200708
2026-06-07,SkyUp,0,0
2026-06-07,Volotea,0,0
2026-06-07,Autres,0,0
2026-06-06,Ryanair,101,939.4590795
2026-06-06,Wizz Air,14,186.1426015
2026-06-06,HiSky,0,0
2026-06-06,SkyUp,0,0
2026-06-06,Volotea,0,0
2026-06-06,Autres,0,0
2026-06-05,Ryanair,97,956.3700522
2026-06-05,Wizz Air,20,234.3509821
2026-06-05,HiSky,0,0
2026-06-05,SkyUp,0,0
2026-06-05,Volotea,0,0
2026-06-05,Autres,0,0
2026-06-04,Ryanair,102,952.5575369
2026-06-04,Wizz Air,12,158.7333467
2026-06-04,HiSky,0,0
2026-06-04,SkyUp,0,0
2026-06-04,Volotea,0,0
2026-06-04,Autres,0,0
2026-06-03,Ryanair,94,888.1228659
2026-06-03,Wizz Air,20,235.5271143
2026-06-03,HiSky,0,0
2026-06-03,SkyUp,0,0
2026-06-03,Volotea,0,0
2026-06-03,Autres,0,0
2026-06-02,Ryanair,104,973.0026081
2026-06-02,Wizz Air,14,183.5289853
2026-06-02,HiSky,2,29.66725063
2026-06-02,SkyUp,0,0
2026-06-02,Volotea,0,0
2026-06-02,Autres,0,0
2026-06-01,Ryanair,103,973.9573186
2026-06-01,Wizz Air,20,238.2631879
2026-06-01,HiSky,0,0
2026-06-01,SkyUp,0,0
2026-06-01,Volotea,0,0
2026-06-01,Autres,0,0
2026-05-31,Ryanair,93,897.2506271
2026-05-31,Wizz Air,12,134.1995214
2026-05-31,HiSky,4,53.13605664
2026-05-31,SkyUp,0,0
2026-05-31,Volotea,0,0
2026-05-31,Autres,0,0
2026-05-30,Ryanair,102,929.5903739
2026-05-30,Wizz Air,14,181.8433381
2026-05-30,HiSky,0,0
2026-05-30,SkyUp,0,0
2026-05-30,Volotea,0,0
2026-05-30,Autres,0,0
2026-05-29,Ryanair,102,1007.878921
2026-05-29,Wizz Air,20,242.3140983
2026-05-29,HiSky,0,0
2026-05-29,SkyUp,0,0
2026-05-29,Volotea,0,0
2026-05-29,Autres,0,0
2026-05-28,Ryanair,106,982.4456369
2026-05-28,Wizz Air,12,157.0476995
2026-05-28,HiSky,0,0
2026-05-28,SkyUp,0,0
2026-05-28,Volotea,0,0
2026-05-28,Autres,0,0
2026-05-27,Ryanair,96,884.726263
2026-05-27,Wizz Air,20,241.6816015
2026-05-27,HiSky,0,0
2026-05-27,SkyUp,0,0
2026-05-27,Volotea,0,0
2026-05-27,Autres,0,0
2026-05-26,Ryanair,104,968.6984264
2026-05-26,Wizz Air,14,181.8433381
2026-05-26,HiSky,2,37.08406328
2026-05-26,SkyUp,0,0
2026-05-26,Volotea,0,0
2026-05-26,Autres,0,0
2026-05-25,Ryanair,106,1014.607901
2026-05-25,Wizz Air,20,238.4018924
2026-05-25,HiSky,0,0
2026-05-25,SkyUp,0,0
2026-05-25,Volotea,0,0
2026-05-25,Autres,0,0
2026-05-24,Ryanair,94,905.2022163
2026-05-24,Wizz Air,14,150.4143969
2026-05-24,HiSky,4,53.13605664
2026-05-24,SkyUp,0,0
2026-05-24,Volotea,0,0
2026-05-24,Autres,0,0
2026-05-23,Ryanair,102,932.5342044
2026-05-23,Wizz Air,14,181.8433381
2026-05-23,HiSky,0,0
2026-05-23,SkyUp,0,0
2026-05-23,Volotea,0,0
2026-05-23,Autres,0,0
2026-05-22,Ryanair,102,1008.457362
2026-05-22,Wizz Air,20,232.1244234
2026-05-22,HiSky,0,0
2026-05-22,SkyUp,0,0
2026-05-22,Volotea,0,0
2026-05-22,Autres,0,0
2026-05-21,Ryanair,106,982.4456369
2026-05-21,Wizz Air,12,154.8211409
2026-05-21,HiSky,0,0
2026-05-21,SkyUp,0,0
2026-05-21,Volotea,0,0
2026-05-21,Autres,0,0
2026-05-20,Ryanair,96,884.726263
2026-05-20,Wizz Air,20,238.1885846
2026-05-20,HiSky,0,0
2026-05-20,SkyUp,0,0
2026-05-20,Volotea,0,0
2026-05-20,Autres,0,0
2026-05-19,Ryanair,104,968.6984264
2026-05-19,Wizz Air,14,181.8433381
2026-05-19,HiSky,2,29.66725063
2026-05-19,SkyUp,0,0
2026-05-19,Volotea,0,0
2026-05-19,Autres,0,0
2026-05-18,Ryanair,106,1017.502439
2026-05-18,Wizz Air,20,232.53583
2026-05-18,HiSky,0,0
2026-05-18,SkyUp,0,0
2026-05-18,Volotea,0,0
2026-05-18,Autres,0,0
2026-05-17,Ryanair,94,903.7664847
2026-05-17,Wizz Air,14,157.8813273
2026-05-17,HiSky,4,53.13605664
2026-05-17,SkyUp,0,0
2026-05-17,Volotea,0,0
2026-05-17,Autres,0,0
2026-05-16,Ryanair,102,918.2223629
2026-05-16,Wizz Air,14,185.514186
2026-05-16,HiSky,0,0
2026-05-16,SkyUp,0,0
2026-05-16,Volotea,0,0
2026-05-16,Autres,0,0
2026-05-15,Ryanair,102,1011.847464
2026-05-15,Wizz Air,21,247.7947066
2026-05-15,HiSky,0,0
2026-05-15,SkyUp,0,0
2026-05-15,Volotea,0,0
2026-05-15,Autres,0,0
2026-05-14,Ryanair,106,988.1793967
2026-05-14,Wizz Air,15,184.8797267
2026-05-14,HiSky,0,0
2026-05-14,SkyUp,0,0
2026-05-14,Volotea,0,0
2026-05-14,Autres,0,0
2026-05-13,Ryanair,97,881.3776403
2026-05-13,Wizz Air,20,241.1941742
2026-05-13,HiSky,0,0
2026-05-13,SkyUp,0,0
2026-05-13,Volotea,0,0
2026-05-13,Autres,0,0
2026-05-12,Ryanair,104,968.6984264
2026-05-12,Wizz Air,14,181.8433381
2026-05-12,HiSky,2,37.08406328
2026-05-12,SkyUp,0,0
2026-05-12,Volotea,0,0
2026-05-12,Autres,0,0
2026-05-11,Ryanair,108,1045.605797
2026-05-11,Wizz Air,20,234.2214772
2026-05-11,HiSky,0,0
2026-05-11,SkyUp,0,0
2026-05-11,Volotea,0,0
2026-05-11,Autres,0,0
2026-05-10,Ryanair,94,903.7664847
2026-05-10,Wizz Air,14,158.7037336
2026-05-10,HiSky,4,53.13605664
2026-05-10,SkyUp,0,0
2026-05-10,Volotea,0,0
2026-05-10,Autres,0,0
2026-05-09,Ryanair,102,931.1662635
2026-05-09,Wizz Air,14,187.5868907
2026-05-09,HiSky,0,0
2026-05-09,SkyUp,0,0
2026-05-09,Volotea,0,0
2026-05-09,Autres,0,0
2026-05-08,Ryanair,102,1007.878921
2026-05-08,Wizz Air,20,236.4480359
2026-05-08,HiSky,0,0
2026-05-08,SkyUp,0,0
2026-05-08,Volotea,0,0
2026-05-08,Autres,0,0
2026-05-07,Ryanair,106,982.4456369
2026-05-07,Wizz Air,14,184.1989971
2026-05-07,HiSky,0,0
2026-05-07,SkyUp,0,0
2026-05-07,Volotea,0,0
2026-05-07,Autres,0,0
2026-05-06,Ryanair,98,888.0058182
2026-05-06,Wizz Air,20,239.3163383
2026-05-06,HiSky,0,0
2026-05-06,SkyUp,0,0
2026-05-06,Volotea,0,0
2026-05-06,Autres,0,0
2026-05-05,Ryanair,104,968.6984264
2026-05-05,Wizz Air,14,185.755544
2026-05-05,HiSky,2,37.08406328
2026-05-05,SkyUp,0,0
2026-05-05,Volotea,0,0
2026-05-05,Autres,0,0
2026-05-04,Ryanair,106,1014.607901
2026-05-04,Wizz Air,20,230.3092713
2026-05-04,HiSky,0,0
2026-05-04,SkyUp,0,0
2026-05-04,Volotea,0,0
2026-05-04,Autres,0,0
2026-05-03,Ryanair,94,903.7664847
2026-05-03,Wizz Air,14,158.7037336
2026-05-03,HiSky,4,66.4200708
2026-05-03,SkyUp,0,0
2026-05-03,Volotea,0,0
2026-05-03,Autres,0,0
2026-05-02,Ryanair,102,931.1662635
2026-05-02,Wizz Air,14,188.2062395
2026-05-02,HiSky,0,0
2026-05-02,SkyUp,0,0
2026-05-02,Volotea,0,0
2026-05-02,Autres,0,0
2026-05-01,Ryanair,102,1007.878921
2026-05-01,Wizz Air,20,235.9436608
2026-05-01,HiSky,0,0
2026-05-01,SkyUp,0,0
2026-05-01,Volotea,0,0
2026-05-01,Autres,0,0
2026-04-30,Ryanair,106,982.9652171
2026-04-30,Wizz Air,16,198.5255198
2026-04-30,HiSky,4,66.4200708
2026-04-30,SkyUp,0,0
2026-04-30,Volotea,0,0
2026-04-30,Autres,0,0
2026-04-29,Ryanair,96,879.6373733
2026-04-29,Wizz Air,20,233.8114538
2026-04-29,HiSky,0,0
2026-04-29,SkyUp,0,0
2026-04-29,Volotea,0,0
2026-04-29,Autres,0,0
2026-04-28,Ryanair,106,995.5897694
2026-04-28,Wizz Air,14,181.8433381
2026-04-28,HiSky,0,0
2026-04-28,SkyUp,0,0
2026-04-28,Volotea,0,0
2026-04-28,Autres,0,0
2026-04-27,Ryanair,106,1021.34406
2026-04-27,Wizz Air,20,232.53583
2026-04-27,HiSky,0,0
2026-04-27,SkyUp,0,0
2026-04-27,Volotea,0,0
2026-04-27,Autres,0,0
2026-04-26,Ryanair,92,888.8526604
2026-04-26,Wizz Air,12,138.5766522
2026-04-26,HiSky,4,53.13605664
2026-04-26,SkyUp,0,0
2026-04-26,Volotea,0,0
2026-04-26,Autres,0,0
2026-04-25,Ryanair,102,932.2563376
2026-04-25,Wizz Air,14,185.755544
2026-04-25,HiSky,0,0
2026-04-25,SkyUp,0,0
2026-04-25,Volotea,0,0
2026-04-25,Autres,0,0
2026-04-24,Ryanair,108,1060.843055
2026-04-24,Wizz Air,20,242.9977422
2026-04-24,HiSky,0,0
2026-04-24,SkyUp,0,0
2026-04-24,Volotea,0,0
2026-04-24,Autres,0,0
2026-04-23,Ryanair,108,991.4392665
2026-04-23,Wizz Air,16,207.1149799
2026-04-23,HiSky,4,66.4200708
2026-04-23,SkyUp,0,0
2026-04-23,Volotea,0,0
2026-04-23,Autres,0,0
2026-04-22,Ryanair,96,879.6373733
2026-04-22,Wizz Air,20,241.542897
2026-04-22,HiSky,0,0
2026-04-22,SkyUp,0,0
2026-04-22,Volotea,0,0
2026-04-22,Autres,0,0
2026-04-21,Ryanair,106,990.6769848
2026-04-21,Wizz Air,14,181.8433381
2026-04-21,HiSky,2,37.08406328
2026-04-21,SkyUp,0,0
2026-04-21,Volotea,0,0
2026-04-21,Autres,0,0
2026-04-20,Ryanair,106,1033.245476
2026-04-20,Wizz Air,20,248.6833022
2026-04-20,HiSky,0,0
2026-04-20,SkyUp,0,0
2026-04-20,Volotea,0,0
2026-04-20,Autres,0,0
2026-04-19,Ryanair,94,899.2799297
2026-04-19,Wizz Air,12,134.6644464
2026-04-19,HiSky,4,66.4200708
2026-04-19,SkyUp,0,0
2026-04-19,Volotea,0,0
2026-04-19,Autres,0,0
2026-04-18,Ryanair,104,952.3801783
2026-04-18,Wizz Air,14,181.8433381
2026-04-18,HiSky,0,0
2026-04-18,SkyUp,0,0
2026-04-18,Volotea,0,0
2026-04-18,Autres,0,0
2026-04-17,Ryanair,106,1054.753573
2026-04-17,Wizz Air,20,242.5445376
2026-04-17,HiSky,0,0
2026-04-17,SkyUp,0,0
2026-04-17,Volotea,0,0
2026-04-17,Autres,0,0
2026-04-16,Ryanair,106,989.487372
2026-04-16,Wizz Air,16,203.202774
2026-04-16,HiSky,4,66.4200708
2026-04-16,SkyUp,0,0
2026-04-16,Volotea,0,0
2026-04-16,Autres,0,0
2026-04-15,Ryanair,94,850.174628
2026-04-15,Wizz Air,20,239.3163383
2026-04-15,HiSky,0,0
2026-04-15,SkyUp,0,0
2026-04-15,Volotea,0,0
2026-04-15,Autres,0,0
2026-04-14,Ryanair,104,977.5151802
2026-04-14,Wizz Air,14,183.5289853
2026-04-14,HiSky,2,37.08406328
2026-04-14,SkyUp,0,0
2026-04-14,Volotea,0,0
2026-04-14,Autres,0,0
2026-04-13,Ryanair,106,1027.224837
2026-04-13,Wizz Air,20,244.3456678
2026-04-13,HiSky,0,0
2026-04-13,SkyUp,0,0
2026-04-13,Volotea,0,0
2026-04-13,Autres,0,0
2026-04-12,Ryanair,94,899.2799297
2026-04-12,Wizz Air,12,134.6644464
2026-04-12,HiSky,4,66.4200708
2026-04-12,SkyUp,0,0
2026-04-12,Volotea,0,0
2026-04-12,Autres,0,0
2026-04-11,Ryanair,100,904.0720035
2026-04-11,Wizz Air,14,185.755544
2026-04-11,HiSky,0,0
2026-04-11,SkyUp,0,0
2026-04-11,Volotea,0,0
2026-04-11,Autres,0,0
2026-04-10,Ryanair,104,1036.834441
2026-04-10,Wizz Air,18,226.6061603
2026-04-10,HiSky,0,0
2026-04-10,SkyUp,0,0
2026-04-10,Volotea,0,0
2026-04-10,Autres,0,0
2026-04-09,Ryanair,106,991.9316686
2026-04-09,Wizz Air,16,198.5255198
2026-04-09,HiSky,4,66.4200708
2026-04-09,SkyUp,0,0
2026-04-09,Volotea,0,0
2026-04-09,Autres,0,0
2026-04-08,Ryanair,94,853.5793732
2026-04-08,Wizz Air,20,233.4148091
2026-04-08,HiSky,0,0
2026-04-08,SkyUp,0,0
2026-04-08,Volotea,0,0
2026-04-08,Autres,0,0
2026-04-07,Ryanair,104,977.5151802
2026-04-07,Wizz Air,14,189.1417897
2026-04-07,HiSky,2,37.08406328
2026-04-07,SkyUp,0,0
2026-04-07,Volotea,0,0
2026-04-07,Autres,0,0
2026-04-06,Ryanair,104,1010.742286
2026-04-06,Wizz Air,20,244.3744517
2026-04-06,HiSky,0,0
2026-04-06,SkyUp,0,0
2026-04-06,Volotea,0,0
2026-04-06,Autres,0,0
2026-04-05,Ryanair,94,899.2799297
2026-04-05,Wizz Air,12,136.3500935
2026-04-05,HiSky,4,66.4200708
2026-04-05,SkyUp,0,0
2026-04-05,Volotea,0,0
2026-04-05,Autres,0,0
2026-04-04,Ryanair,101,918.6896582
2026-04-04,Wizz Air,14,183.7662206
2026-04-04,HiSky,0,0
2026-04-04,SkyUp,0,0
2026-04-04,Volotea,0,0
2026-04-04,Autres,0,0
2026-04-03,Ryanair,109,1085.06842
2026-04-03,Wizz Air,20,249.1910013
2026-04-03,HiSky,0,0
2026-04-03,SkyUp,0,0
2026-04-03,Volotea,0,0
2026-04-03,Autres,0,0
2026-04-02,Ryanair,106,991.3003131
2026-04-02,Wizz Air,16,198.5255198
2026-04-02,HiSky,4,66.4200708
2026-04-02,SkyUp,0,0
2026-04-02,Volotea,0,0
2026-04-02,Autres,0,0
2026-04-01,Ryanair,93,836.2104934
2026-04-01,Wizz Air,20,243.3672487
2026-04-01,HiSky,0,0
2026-04-01,SkyUp,0,0
2026-04-01,Volotea,0,0
2026-04-01,Autres,0,0
2026-03-31,Ryanair,104,977.7581869
2026-03-31,Wizz Air,14,181.8433381
2026-03-31,HiSky,2,37.08406328
2026-03-31,SkyUp,0,0
2026-03-31,Volotea,0,0
2026-03-31,Autres,0,0
2026-03-30,Ryanair,104,1000.185842
2026-03-30,Wizz Air,20,243.5239414
2026-03-30,HiSky,0,0
2026-03-30,SkyUp,0,0
2026-03-30,Volotea,0,0
2026-03-30,Autres,0,0
2026-03-29,Ryanair,90,842.5891132
2026-03-29,Wizz Air,12,142.9506806
2026-03-29,HiSky,4,53.13605664
2026-03-29,SkyUp,0,0
2026-03-29,Volotea,0,0
2026-03-29,Autres,0,0
2026-03-28,Ryanair,84,856.2836862
2026-03-28,Wizz Air,10,142.7837778
2026-03-28,HiSky,0,0
2026-03-28,SkyUp,0,0
2026-03-28,Volotea,0,0
2026-03-28,Autres,0,0
2026-03-27,Ryanair,98,882.4070189
2026-03-27,Wizz Air,8,89.675209
2026-03-27,HiSky,0,0
2026-03-27,SkyUp,0,0
2026-03-27,Volotea,0,0
2026-03-27,Autres,0,0
2026-03-26,Ryanair,68,678.1153686
2026-03-26,Wizz Air,16,229.8452547
2026-03-26,HiSky,4,66.4200708
2026-03-26,SkyUp,0,0
2026-03-26,Volotea,0,0
2026-03-26,Autres,0,0
2026-03-25,Ryanair,52,594.2605071
2026-03-25,Wizz Air,14,180.1437846
2026-03-25,HiSky,0,0
2026-03-25,SkyUp,0,0
2026-03-25,Volotea,0,0
2026-03-25,Autres,0,0
2026-03-24,Ryanair,40,441.8458622
2026-03-24,Wizz Air,10,144.7914557
2026-03-24,HiSky,0,0
2026-03-24,SkyUp,0,0
2026-03-24,Volotea,0,0
2026-03-24,Autres,0,0
2026-03-23,Ryanair,93,896.4439954
2026-03-23,Wizz Air,8,89.675209
2026-03-23,HiSky,0,0
2026-03-23,SkyUp,0,0
2026-03-23,Volotea,0,0
2026-03-23,Autres,0,0
2026-03-22,Ryanair,86,753.7047843
2026-03-22,Wizz Air,18,227.0330315
2026-03-22,HiSky,4,66.4200708
2026-03-22,SkyUp,0,0
2026-03-22,Volotea,0,0
2026-03-22,Autres,0,0
2026-03-21,Ryanair,84,854.2724596
2026-03-21,Wizz Air,10,131.2608506
2026-03-21,HiSky,0,0
2026-03-21,SkyUp,0,0
2026-03-21,Volotea,0,0
2026-03-21,Autres,0,0
2026-03-20,Ryanair,98,858.704225
2026-03-20,Wizz Air,8,92.89640165
2026-03-20,HiSky,0,0
2026-03-20,SkyUp,0,0
2026-03-20,Volotea,0,0
2026-03-20,Autres,0,0
2026-03-19,Ryanair,66,661.5320476
2026-03-19,Wizz Air,16,218.3204586
2026-03-19,HiSky,4,66.4200708
2026-03-19,SkyUp,0,0
2026-03-19,Volotea,0,0
2026-03-19,Autres,0,0
2026-03-18,Ryanair,52,594.2605071
2026-03-18,Wizz Air,12,162.4027817
2026-03-18,HiSky,0,0
2026-03-18,SkyUp,0,0
2026-03-18,Volotea,0,0
2026-03-18,Autres,0,0
2026-03-17,Ryanair,40,444.9105047
2026-03-17,Wizz Air,10,135.6379814
2026-03-17,HiSky,0,0
2026-03-17,SkyUp,0,0
2026-03-17,Volotea,0,0
2026-03-17,Autres,0,0
2026-03-16,Ryanair,90,881.9421916
2026-03-16,Wizz Air,8,88.13245603
2026-03-16,HiSky,0,0
2026-03-16,SkyUp,0,0
2026-03-16,Volotea,0,0
2026-03-16,Autres,0,0
2026-03-15,Ryanair,86,759.2546474
2026-03-15,Wizz Air,18,230.8754904
2026-03-15,HiSky,4,66.4200708
2026-03-15,SkyUp,0,0
2026-03-15,Volotea,0,0
2026-03-15,Autres,0,0
2026-03-14,Ryanair,84,857.2660429
2026-03-14,Wizz Air,10,129.7180976
2026-03-14,HiSky,0,0
2026-03-14,SkyUp,0,0
2026-03-14,Volotea,0,0
2026-03-14,Autres,0,0
2026-03-13,Ryanair,99,862.0690296
2026-03-13,Wizz Air,8,88.13245603
2026-03-13,HiSky,0,0
2026-03-13,SkyUp,0,0
2026-03-13,Volotea,0,0
2026-03-13,Autres,0,0
2026-03-12,Ryanair,67,665.0050496
2026-03-12,Wizz Air,14,202.1330693
2026-03-12,HiSky,4,66.4200708
2026-03-12,SkyUp,0,0
2026-03-12,Volotea,0,0
2026-03-12,Autres,0,0
2026-03-11,Ryanair,48,541.0789929
2026-03-11,Wizz Air,10,129.1897347
2026-03-11,HiSky,0,0
2026-03-11,SkyUp,0,0
2026-03-11,Volotea,0,0
2026-03-11,Autres,0,0
2026-03-10,Ryanair,37,423.5461939
2026-03-10,Wizz Air,10,135.6379814
2026-03-10,HiSky,2,29.66725063
2026-03-10,SkyUp,0,0
2026-03-10,Volotea,0,0
2026-03-10,Autres,0,0
2026-03-09,Ryanair,90,871.9424421
2026-03-09,Wizz Air,8,88.13245603
2026-03-09,HiSky,0,0
2026-03-09,SkyUp,0,0
2026-03-09,Volotea,0,0
2026-03-09,Autres,0,0
2026-03-08,Ryanair,88,783.3602774
2026-03-08,Wizz Air,18,219.9574317
2026-03-08,HiSky,4,66.4200708
2026-03-08,SkyUp,0,0
2026-03-08,Volotea,0,0
2026-03-08,Autres,0,0
2026-03-07,Ryanair,84,866.253292
2026-03-07,Wizz Air,10,129.7180976
2026-03-07,HiSky,0,0
2026-03-07,SkyUp,0,0
2026-03-07,Volotea,0,0
2026-03-07,Autres,0,0
2026-03-06,Ryanair,100,861.6341347
2026-03-06,Wizz Air,8,88.13245603
2026-03-06,HiSky,0,0
2026-03-06,SkyUp,0,0
2026-03-06,Volotea,0,0
2026-03-06,Autres,0,0
2026-03-05,Ryanair,66,664.4952404
2026-03-05,Wizz Air,14,198.2189946
2026-03-05,HiSky,4,66.4200708
2026-03-05,SkyUp,0,0
2026-03-05,Volotea,0,0
2026-03-05,Autres,0,0
2026-03-04,Ryanair,48,541.0789929
2026-03-04,Wizz Air,10,129.1897347
2026-03-04,HiSky,0,0
2026-03-04,SkyUp,0,0
2026-03-04,Volotea,0,0
2026-03-04,Autres,0,0
2026-03-03,Ryanair,36,419.0213968
2026-03-03,Wizz Air,10,134.0952284
2026-03-03,HiSky,0,0
2026-03-03,SkyUp,0,0
2026-03-03,Volotea,0,0
2026-03-03,Autres,0,0
2026-03-02,Ryanair,90,869.8568973
2026-03-02,Wizz Air,8,88.13245603
2026-03-02,HiSky,0,0
2026-03-02,SkyUp,0,0
2026-03-02,Volotea,0,0
2026-03-02,Autres,0,0
2026-03-01,Ryanair,86,767.8940856
2026-03-01,Wizz Air,18,218.4146787
2026-03-01,HiSky,4,66.4200708
2026-03-01,SkyUp,0,0
2026-03-01,Volotea,0,0
2026-03-01,Autres,0,0
2026-02-28,Ryanair,84,857.2660429
2026-02-28,Wizz Air,10,133.6303035
2026-02-28,HiSky,0,0
2026-02-28,SkyUp,0,0
2026-02-28,Volotea,0,0
2026-02-28,Autres,0,0
2026-02-27,Ryanair,98,853.8021554
2026-02-27,Wizz Air,8,92.89640165
2026-02-27,HiSky,0,0
2026-02-27,SkyUp,0,0
2026-02-27,Volotea,0,0
2026-02-27,Autres,0,0
2026-02-26,Ryanair,70,724.3969508
2026-02-26,Wizz Air,14,202.1312004
2026-02-26,HiSky,4,66.4200708
2026-02-26,SkyUp,0,0
2026-02-26,Volotea,0,0
2026-02-26,Autres,0,0
2026-02-25,Ryanair,44,501.036179
2026-02-25,Wizz Air,10,129.1897347
2026-02-25,HiSky,0,0
2026-02-25,SkyUp,0,0
2026-02-25,Volotea,0,0
2026-02-25,Autres,0,0
2026-02-24,Ryanair,36,413.0007577
2026-02-24,Wizz Air,10,133.6303035
2026-02-24,HiSky,0,0
2026-02-24,SkyUp,0,0
2026-02-24,Volotea,0,0
2026-02-24,Autres,0,0
2026-02-23,Ryanair,92,880.3183467
2026-02-23,Wizz Air,8,88.13245603
2026-02-23,HiSky,0,0
2026-02-23,SkyUp,0,0
2026-02-23,Volotea,0,0
2026-02-23,Autres,0,0
2026-02-22,Ryanair,86,764.0398658
2026-02-22,Wizz Air,18,218.4146787
2026-02-22,HiSky,4,66.4200708
2026-02-22,SkyUp,0,0
2026-02-22,Volotea,0,0
2026-02-22,Autres,0,0
2026-02-21,Ryanair,84,866.253292
2026-02-21,Wizz Air,10,129.7180976
2026-02-21,HiSky,0,0
2026-02-21,SkyUp,0,0
2026-02-21,Volotea,0,0
2026-02-21,Autres,0,0
2026-02-20,Ryanair,100,861.3202269
2026-02-20,Wizz Air,8,88.13245603
2026-02-20,HiSky,0,0
2026-02-20,SkyUp,0,0
2026-02-20,Volotea,0,0
2026-02-20,Autres,0,0
2026-02-19,Ryanair,70,734.7582465
2026-02-19,Wizz Air,14,202.8962488
2026-02-19,HiSky,4,66.4200708
2026-02-19,SkyUp,0,0
2026-02-19,Volotea,0,0
2026-02-19,Autres,0,0
2026-02-18,Ryanair,44,492.914793
2026-02-18,Wizz Air,10,129.1897347
2026-02-18,HiSky,0,0
2026-02-18,SkyUp,0,0
2026-02-18,Volotea,0,0
2026-02-18,Autres,0,0
2026-02-17,Ryanair,36,419.0213968
2026-02-17,Wizz Air,10,129.7180976
2026-02-17,HiSky,0,0
2026-02-17,SkyUp,0,0
2026-02-17,Volotea,0,0
2026-02-17,Autres,0,0
2026-02-16,Ryanair,91,884.5997176
2026-02-16,Wizz Air,8,88.13245603
2026-02-16,HiSky,0,0
2026-02-16,SkyUp,0,0
2026-02-16,Volotea,0,0
2026-02-16,Autres,0,0
2026-02-15,Ryanair,88,765.7218583
2026-02-15,Wizz Air,18,218.4146787
2026-02-15,HiSky,4,66.4200708
2026-02-15,SkyUp,0,0
2026-02-15,Volotea,0,0
2026-02-15,Autres,0,0
2026-02-14,Ryanair,85,866.7845526
2026-02-14,Wizz Air,10,129.7180976
2026-02-14,HiSky,0,0
2026-02-14,SkyUp,0,0
2026-02-14,Volotea,0,0
2026-02-14,Autres,0,0
2026-02-13,Ryanair,98,851.719316
2026-02-13,Wizz Air,8,88.13245603
2026-02-13,HiSky,0,0
2026-02-13,SkyUp,0,0
2026-02-13,Volotea,0,0
2026-02-13,Autres,0,0
2026-02-12,Ryanair,68,718.8325163
2026-02-12,Wizz Air,14,200.5903164
2026-02-12,HiSky,4,66.4200708
2026-02-12,SkyUp,0,0
2026-02-12,Volotea,0,0
2026-02-12,Autres,0,0
2026-02-11,Ryanair,45,502.518808
2026-02-11,Wizz Air,10,131.5013889
2026-02-11,HiSky,0,0
2026-02-11,SkyUp,0,0
2026-02-11,Volotea,0,0
2026-02-11,Autres,0,0
2026-02-10,Ryanair,39,419.9975397
2026-02-10,Wizz Air,10,129.7180976
2026-02-10,HiSky,0,0
2026-02-10,SkyUp,0,0
2026-02-10,Volotea,0,0
2026-02-10,Autres,0,0
2026-02-09,Ryanair,89,862.948004
2026-02-09,Wizz Air,8,88.13245603
2026-02-09,HiSky,0,0
2026-02-09,SkyUp,0,0
2026-02-09,Volotea,0,0
2026-02-09,Autres,0,0
2026-02-08,Ryanair,87,768.8785548
2026-02-08,Wizz Air,18,212.8783119
2026-02-08,HiSky,4,66.4200708
2026-02-08,SkyUp,0,0
2026-02-08,Volotea,0,0
2026-02-08,Autres,0,0
2026-02-07,Ryanair,85,864.7065991
2026-02-07,Wizz Air,10,129.7180976
2026-02-07,HiSky,0,0
2026-02-07,SkyUp,0,0
2026-02-07,Volotea,0,0
2026-02-07,Autres,0,0
2026-02-06,Ryanair,104,882.3487211
2026-02-06,Wizz Air,8,88.13245603
2026-02-06,HiSky,0,0
2026-02-06,SkyUp,0,0
2026-02-06,Volotea,0,0
2026-02-06,Autres,0,0
2026-02-05,Ryanair,72,723.1216533
2026-02-05,Wizz Air,14,198.2189946
2026-02-05,HiSky,4,66.4200708
2026-02-05,SkyUp,0,0
2026-02-05,Volotea,0,0
2026-02-05,Autres,0,0
2026-02-04,Ryanair,44,501.036179
2026-02-04,Wizz Air,10,129.1897347
2026-02-04,HiSky,0,0
2026-02-04,SkyUp,0,0
2026-02-04,Volotea,0,0
2026-02-04,Autres,0,0
2026-02-03,Ryanair,38,417.5673502
2026-02-03,Wizz Air,10,138.8715719
2026-02-03,HiSky,0,0
2026-02-03,SkyUp,0,0
2026-02-03,Volotea,0,0
2026-02-03,Autres,0,0
2026-02-02,Ryanair,90,869.8568973
2026-02-02,Wizz Air,8,91.60297058
2026-02-02,HiSky,0,0
2026-02-02,SkyUp,0,0
2026-02-02,Volotea,0,0
2026-02-02,Autres,0,0
2026-02-01,Ryanair,86,765.7999086
2026-02-01,Wizz Air,18,224.1968475
2026-02-01,HiSky,4,66.4200708
2026-02-01,SkyUp,0,0
2026-02-01,Volotea,0,0
2026-02-01,Autres,0,0
2026-01-31,Ryanair,60,642.1197829
2026-01-31,Wizz Air,10,138.8715719
2026-01-31,HiSky,0,0
2026-01-31,SkyUp,0,0
2026-01-31,Volotea,0,0
2026-01-31,Autres,0,0
2026-01-30,Ryanair,80,698.9502538
2026-01-30,Wizz Air,8,88.13245603
2026-01-30,HiSky,0,0
2026-01-30,SkyUp,0,0
2026-01-30,Volotea,0,0
2026-01-30,Autres,0,0
2026-01-29,Ryanair,48,492.4886378
2026-01-29,Wizz Air,12,181.5368129
2026-01-29,HiSky,4,66.4200708
2026-01-29,SkyUp,0,0
2026-01-29,Volotea,0,0
2026-01-29,Autres,0,0
2026-01-28,Ryanair,32,378.7816254
2026-01-28,Wizz Air,6,67.02821481
2026-01-28,HiSky,0,0
2026-01-28,SkyUp,0,0
2026-01-28,Volotea,0,0
2026-01-28,Autres,0,0
2026-01-27,Ryanair,24,265.420313
2026-01-27,Wizz Air,8,107.9701791
2026-01-27,HiSky,0,0
2026-01-27,SkyUp,0,0
2026-01-27,Volotea,0,0
2026-01-27,Autres,0,0
2026-01-26,Ryanair,80,771.1013121
2026-01-26,Wizz Air,6,76.21421999
2026-01-26,HiSky,0,0
2026-01-26,SkyUp,0,0
2026-01-26,Volotea,0,0
2026-01-26,Autres,0,0
2026-01-25,Ryanair,72,621.4086974
2026-01-25,Wizz Air,18,218.4146787
2026-01-25,HiSky,4,66.4200708
2026-01-25,SkyUp,0,0
2026-01-25,Volotea,0,0
2026-01-25,Autres,0,0
2026-01-24,Ryanair,60,636.7291527
2026-01-24,Wizz Air,10,129.7180976
2026-01-24,HiSky,0,0
2026-01-24,SkyUp,0,0
2026-01-24,Volotea,0,0
2026-01-24,Autres,0,0
2026-01-23,Ryanair,80,698.9502538
2026-01-23,Wizz Air,8,88.13245603
2026-01-23,HiSky,0,0
2026-01-23,SkyUp,0,0
2026-01-23,Volotea,0,0
2026-01-23,Autres,0,0
2026-01-22,Ryanair,48,492.4886378
2026-01-22,Wizz Air,12,181.5368129
2026-01-22,HiSky,4,66.4200708
2026-01-22,SkyUp,0,0
2026-01-22,Volotea,0,0
2026-01-22,Autres,0,0
2026-01-21,Ryanair,32,376.2460032
2026-01-21,Wizz Air,6,69.33986906
2026-01-21,HiSky,0,0
2026-01-21,SkyUp,0,0
2026-01-21,Volotea,0,0
2026-01-21,Autres,0,0
2026-01-20,Ryanair,24,271.4409521
2026-01-20,Wizz Air,8,107.9701791
2026-01-20,HiSky,0,0
2026-01-20,SkyUp,0,0
2026-01-20,Volotea,0,0
2026-01-20,Autres,0,0
2026-01-19,Ryanair,78,761.0932026
2026-01-19,Wizz Air,6,70.04778011
2026-01-19,HiSky,0,0
2026-01-19,SkyUp,0,0
2026-01-19,Volotea,0,0
2026-01-19,Autres,0,0
2026-01-18,Ryanair,68,595.4696472
2026-01-18,Wizz Air,18,222.3268846
2026-01-18,HiSky,4,66.4200708
2026-01-18,SkyUp,0,0
2026-01-18,Volotea,0,0
2026-01-18,Autres,0,0
2026-01-17,Ryanair,58,622.2009189
2026-01-17,Wizz Air,10,138.0074343
2026-01-17,HiSky,0,0
2026-01-17,SkyUp,0,0
2026-01-17,Volotea,0,0
2026-01-17,Autres,0,0
2026-01-16,Ryanair,80,704.600727
2026-01-16,Wizz Air,8,88.13245603
2026-01-16,HiSky,0,0
2026-01-16,SkyUp,2,38.93826645
2026-01-16,Volotea,0,0
2026-01-16,Autres,0,0
2026-01-15,Ryanair,48,492.4886378
2026-01-15,Wizz Air,12,185.4490188
2026-01-15,HiSky,4,66.4200708
2026-01-15,SkyUp,0,0
2026-01-15,Volotea,0,0
2026-01-15,Autres,0,0
2026-01-14,Ryanair,32,378.7816254
2026-01-14,Wizz Air,6,67.02821481
2026-01-14,HiSky,0,0
2026-01-14,SkyUp,0,0
2026-01-14,Volotea,0,0
2026-01-14,Autres,0,0
2026-01-13,Ryanair,24,271.4409521
2026-01-13,Wizz Air,8,107.9701791
2026-01-13,HiSky,2,29.66725063
2026-01-13,SkyUp,2,38.93826645
2026-01-13,Volotea,0,0
2026-01-13,Autres,0,0
2026-01-12,Ryanair,78,763.7831472
2026-01-12,Wizz Air,6,69.46095101
2026-01-12,HiSky,0,0
2026-01-12,SkyUp,0,0
2026-01-12,Volotea,0,0
2026-01-12,Autres,0,0
2026-01-11,Ryanair,70,606.1697872
2026-01-11,Wizz Air,18,225.6525841
2026-01-11,HiSky,4,66.4200708
2026-01-11,SkyUp,0,0
2026-01-11,Volotea,0,0
2026-01-11,Autres,0,0
2026-01-10,Ryanair,58,619.0219307
2026-01-10,Wizz Air,12,155.3285111
2026-01-10,HiSky,0,0
2026-01-10,SkyUp,0,0
2026-01-10,Volotea,0,0
2026-01-10,Autres,0,0
2026-01-09,Ryanair,81,701.3288357
2026-01-09,Wizz Air,8,88.13245603
2026-01-09,HiSky,0,0
2026-01-09,SkyUp,2,38.93826645
2026-01-09,Volotea,0,0
2026-01-09,Autres,0,0
2026-01-08,Ryanair,48,495.449434
2026-01-08,Wizz Air,16,221.5540491
2026-01-08,HiSky,4,66.4200708
2026-01-08,SkyUp,0,0
2026-01-08,Volotea,0,0
2026-01-08,Autres,0,0
2026-01-07,Ryanair,38,451.1630468
2026-01-07,Wizz Air,8,93.2417422
2026-01-07,HiSky,0,0
2026-01-07,SkyUp,0,0
2026-01-07,Volotea,0,0
2026-01-07,Autres,0,0
2026-01-06,Ryanair,40,480.1843681
2026-01-06,Wizz Air,10,131.2092708
2026-01-06,HiSky,2,37.08406328
2026-01-06,SkyUp,0,0
2026-01-06,Volotea,0,0
2026-01-06,Autres,2,35.92111388
2026-01-05,Ryanair,88,856.3996475
2026-01-05,Wizz Air,8,86.14313267
2026-01-05,HiSky,0,0
2026-01-05,SkyUp,2,38.93826645
2026-01-05,Volotea,0,0
2026-01-05,Autres,0,0
2026-01-04,Ryanair,90,786.6298185
2026-01-04,Wizz Air,18,217.0461797
2026-01-04,HiSky,4,66.4200708
2026-01-04,SkyUp,0,0
2026-01-04,Volotea,0,0
2026-01-04,Autres,0,0
2026-01-03,Ryanair,81,820.0220406
2026-01-03,Wizz Air,12,168.4720587
2026-01-03,HiSky,0,0
2026-01-03,SkyUp,0,0
2026-01-03,Volotea,0,0
2026-01-03,Autres,0,0
2026-01-02,Ryanair,92,813.9458028
2026-01-02,Wizz Air,8,94.37759283
2026-01-02,HiSky,0,0
2026-01-02,SkyUp,2,38.93826645
2026-01-02,Volotea,0,0
2026-01-02,Autres,4,73.63828346
2026-01-01,Ryanair,80,828.7312002
2026-01-01,Wizz Air,14,204.0077299
2026-01-01,HiSky,4,66.4200708
2026-01-01,SkyUp,0,0
2026-01-01,Volotea,0,0
2026-01-01,Autres,0,0
